,meanfreq,sd,median,IQR,skew,kurt,mode,centroid,dfrange,label
0,0.059780985,0.064241268,0.032026913,0.01883574183288195,1.4329879192043733,1.1381964851529662,0.0,0.059780985,0.0,1
1,0.06600874,0.06731002900000001,0.040228735,-0.020404048729175193,3.0872491621425535,3.126518036177561,0.0,0.06600874,0.046875,1
2,0.077315503,0.06731002900000001,0.036718459,1.0280449115577819,4.52936750517672,5.281004019368877,0.0,0.077315503,0.0078125,1
3,0.15122809199999998,0.072110587,0.158011187,0.7796844946677386,-0.5796121390190266,-0.35341670451179075,0.083878185,0.15122809199999998,0.5546875,1
4,0.13512038699999998,0.0791461,0.12465622900000001,1.1144683324665998,-0.6023945764882143,-0.35255330159871345,0.10426140199999999,0.13512038699999998,5.4765625,1
5,0.132786407,0.07955686599999999,0.11908984800000001,1.414783712303908,-0.45852850924014443,-0.3306107709033927,0.112555426,0.132786407,2.71875,1
6,0.15076233,0.07955686599999999,0.16010638300000002,0.8100253016257399,-0.5280778430344341,-0.343424608045133,0.086196809,0.15076233,5.3046875,1
7,0.16051433199999998,0.076766885,0.144336775,0.9907438474020415,-0.5511768205838734,-0.35016375871958366,0.12832406699999999,0.16051433199999998,0.53125,1
8,0.14223941699999998,0.078018462,0.138587444,0.9687370685155788,-0.6026415980711204,-0.3540074007927422,0.21910313899999997,0.14223941699999998,2.15625,1
9,0.13432877699999998,0.080350028,0.12145134699999999,1.0945804831294137,-0.5869600379730227,-0.3500495019423055,0.011698736000000001,0.13432877699999998,4.6796875,1
10,0.157020511,0.071942931,0.168160153,0.8622995343389851,-0.6234593505145295,-0.3545376465171127,0.09635843699999999,0.157020511,2.8046875,1
11,0.138550521,0.077053993,0.127526596,0.8647281211409087,-0.51144379450664,-0.3417472960602922,0.012101064,0.138550521,2.7109375,1
12,0.137342742,0.077053993,0.12426250800000001,1.0883835812208185,-0.554365686200184,-0.34882606563959245,0.108434048,0.137342742,5.0,1
13,0.18122545899999998,0.060042055,0.19095320600000001,0.5555264974279135,-0.5559745967435956,-0.3462502233399212,0.21982669,0.18122545899999998,2.796875,1
14,0.18311528100000002,0.06698235,0.19123252899999998,0.771924971677989,-0.17550936550818888,-0.18115528377034962,0.049987294,0.18311528100000002,6.5390625,1
15,0.174272105,0.069411045,0.190874107,0.8070480669831317,-0.016840231643106503,-0.03553994221916325,0.050027487999999995,0.174272105,6.9921875,1
16,0.190846298,0.065790282,0.207950987,0.7944331543712665,-0.5225992211155323,-0.3332302036365924,0.05012934,0.190846298,6.3125,1
17,0.17124697100000003,0.065790282,0.15280665300000001,0.9864812854035043,-0.2379665282475397,-0.2342520314658046,0.05995842,0.17124697100000003,0.5625,1
18,0.16834594600000002,0.074120817,0.145618472,1.0461199626109159,-0.32497865901231576,-0.2744415247081806,0.060032985,0.16834594600000002,3.1171875,1
19,0.173631376,0.07335151200000001,0.153568557,0.9723607131977889,-0.30756357711192805,-0.2613437273322512,0.060026798,0.173631376,2.8125,1
20,0.172754287,0.076902583,0.177736289,1.0719222360904384,-0.27939385920229814,-0.2656460796310979,0.059953325999999994,0.172754287,0.7109375,1
21,0.181015394,0.074369304,0.16929881300000002,1.0762052194328027,-0.34522646277272856,-0.30868284028763293,0.05995685,0.181015394,3.6875,1
22,0.163535853,0.072448898,0.14554252199999998,0.8247150899321092,-0.1721270714792309,-0.2183094253962823,0.059941349000000005,0.163535853,0.4375,1
23,0.170212798,0.07510494599999999,0.14605299900000002,1.089533934617701,-0.305518548360219,-0.3004960273289514,0.059944212000000004,0.170212798,0.5546875,1
24,0.16042247699999998,0.076614764,0.144823806,0.883490718753584,0.2891293224693737,0.0954303687310159,0.060078309,0.16042247699999998,3.9453125,1
25,0.16469983800000002,0.07536177200000001,0.14701847,0.9980245706829225,-0.06467451890210742,-0.13535607551491946,0.05996482,0.16469983800000002,1.0546875,1
26,0.169578801,0.075634514,0.186467577,0.9994181332599377,-0.05406450865969741,-0.12313857864959152,0.05996587,0.169578801,3.6015625,1
27,0.16902100399999997,0.071778152,0.143168483,1.0135150729547084,-0.2600981199160518,-0.297318140022157,0.12814752699999998,0.16902100399999997,0.703125,1
28,0.167340239,0.07284123,0.14173913,0.9151110183978491,-0.41361278912553145,-0.33147455086297717,0.134782609,0.167340239,0.671875,1
29,0.180527821,0.07284123,0.142385321,1.0223533592038327,-0.30842982052776213,-0.309185543572485,0.13357798199999998,0.180527821,0.5,1
30,0.153039048,0.07403113,0.158064516,0.9950401581373454,-0.6396805167118345,-0.3570229219609219,0.21677419399999998,0.153039048,1.015625,1
31,0.16665949900000002,0.075961168,0.142781457,1.0237475514214593,-0.22504399390624388,-0.28473732205434826,0.127019868,0.16665949900000002,0.625,1
32,0.17565942899999998,0.071651533,0.144191617,1.0755219334413972,-0.14637180869086563,-0.2568774505220034,0.13441117800000002,0.17565942899999998,0.640625,1
33,0.174825733,0.07153283099999999,0.146470588,1.0348125197164777,-0.3470594201432359,-0.32066819673855484,0.12,0.174825733,4.1640625,1
34,0.17406461399999998,0.073121844,0.140183486,1.0685655170513875,-0.228298624196509,-0.28581605604720345,0.133211009,0.17406461399999998,0.625,1
35,0.159530491,0.07527310400000001,0.146853147,0.9181740310797397,-0.4479835958984689,-0.33855136173460615,0.133636364,0.159530491,2.6015625,1
36,0.167648361,0.067219927,0.157239513,-0.015106399541667941,-0.4579223916130779,-0.3415085020366024,0.134506089,0.167648361,0.59375,1
37,0.17243638600000002,0.071504543,0.14562043800000002,0.9515453192880463,-0.013482816882024776,-0.204925720543285,0.135912409,0.17243638600000002,0.421875,1
38,0.162981116,0.065952332,0.142770664,-0.03222345240467772,-0.041100872608481574,-0.22970342579696373,0.137555297,0.162981116,0.6796875,1
39,0.170209848,0.072023008,0.146003899,0.8993686598815355,-0.31777719308701036,-0.31142696348257953,0.132358674,0.170209848,0.90625,1
40,0.171400807,0.068428139,0.145321955,0.8539245796277105,-0.28585271285468006,-0.30070825228892745,0.137067494,0.171400807,0.6875,1
41,0.146886154,0.068160816,0.12146675,0.881950554854233,-0.3424457275510688,-0.3032489642833881,0.121292728,0.146886154,4.171875,1
42,0.166763785,0.064488516,0.160123648,0.8082739352773319,-0.42657773061369303,-0.32713169388756325,0.121391036,0.166763785,2.8125,1
43,0.15369186099999999,0.066495859,0.145158831,0.8017935691655205,-0.38584497154078123,-0.2997047533348766,0.121321474,0.15369186099999999,4.640625,1
44,0.16801133899999998,0.068873401,0.167917889,0.7945563330628612,-0.39154979519217137,-0.32920141703998157,0.121319648,0.16801133899999998,0.6171875,1
45,0.14828138300000002,0.068117184,0.12989278099999998,0.6558932886864007,-0.2273581020414235,-0.2500892324280811,0.121286633,0.14828138300000002,5.21875,1
46,0.158595955,0.066216652,0.133302217,0.8216333559360426,-0.27049960062288597,-0.27967590343871745,0.121213536,0.158595955,1.328125,1
47,0.163643182,0.070030717,0.14412111,0.8936602121711825,-0.49885337308394223,-0.33436505721016635,0.121278385,0.163643182,0.640625,1
48,0.158656925,0.067564057,0.16106194699999998,0.8504393089638486,-0.4572998859417463,-0.33119070591702127,0.12122532300000001,0.158656925,6.875,1
49,0.13789282,0.072420663,0.119852399,0.8383715750312408,-0.4449565904469278,-0.3198294553563363,0.059926199000000006,0.13789282,4.6328125,1
50,0.142715585,0.074163591,0.127850099,0.9052658528591415,-0.5243355773633643,-0.3365651056126309,0.06019723900000001,0.142715585,4.65625,1
51,0.135052914,0.072095147,0.112927013,0.8078672923825208,-0.20082982175475306,-0.2708618007776728,0.10260346099999999,0.135052914,4.4296875,1
52,0.14146076,0.072861395,0.124879288,0.7607242528671698,-0.40115563613363037,-0.3042621615026504,0.060127065,0.14146076,5.1484375,1
53,0.141280115,0.074404048,0.13420617,0.7813361679193543,-0.437765378015893,-0.3160801775742504,0.060045147,0.141280115,5.7890625,1
54,0.15385120300000002,0.072191575,0.144592094,0.8986027230658846,-0.4885808845674752,-0.33710467120885484,0.060050463,0.15385120300000002,2.6953125,1
55,0.145640705,0.077006409,0.137947214,1.044443040770786,-0.4885808845674752,-0.33710467120885484,0.059941349000000005,0.15385120300000002,5.421875,1
56,0.144858407,0.076591817,0.135571776,1.044443040770786,-0.30885671934719544,-0.21334227171938716,0.059941349000000005,0.144858407,4.984375,1
57,0.121683363,0.086850112,0.118237046,2.316770773674468,-0.43607415901549546,-0.32974592437033384,0.117903514,0.121683363,3.71875,1
58,0.135649932,0.086412331,0.126722455,2.1960153379245715,-0.5527134494781437,-0.3488257072613226,0.114811715,0.135649932,4.2890625,1
59,0.10039941699999999,0.086412331,0.081725176,0.5464500391235465,-0.7013042430985917,-0.36505725419776347,0.011654965,0.10039941699999999,4.3359375,1
60,0.125087547,0.080116695,0.11419112099999999,0.5464500391235465,-0.38155423927297455,-0.36505725419776347,0.011654965,0.125087547,4.2890625,1
61,0.143486162,0.070275487,0.12386879699999999,0.7404423744354196,-0.38155423927297455,-0.339704010990333,0.106442389,0.125087547,4.46875,1
62,0.14319683,0.070275487,0.12535279800000002,1.3054309211088804,-0.45791176642228587,-0.3323759973143476,0.113090024,0.14319683,4.5625,1
63,0.145532381,0.087864043,0.12972059800000002,1.4816873717769177,-0.540510017777821,-0.34881818467926223,0.11589343699999999,0.145532381,4.96875,1
64,0.162065429,0.08443229099999999,0.143149016,1.3199135786421459,-0.519785610132532,-0.34788494150021704,0.268978444,0.162065429,4.5703125,1
65,0.14296123300000002,0.083106899,0.129292352,1.1725676433194345,-0.519785610132532,-0.34788494150021704,0.11248034300000001,0.162065429,2.7109375,1
66,0.141153447,0.080922189,0.124304933,1.0675595822227215,-0.49456725483664443,-0.3416250228206466,0.109394619,0.141153447,4.0546875,1
67,0.167334035,0.047177727,0.161802155,-0.6081225165312001,-0.10736425254753375,-0.24168147740304882,0.16619001,0.167334035,6.796875,1
68,0.167850312,0.052593589,0.163262195,-0.2588715943101933,-0.46083567679069365,-0.3371107965876124,0.166890244,0.167850312,6.5,1
69,0.18509843899999998,0.054289442,0.17677188800000002,-0.08428877036308656,-0.5157751815141082,-0.34764020363561393,0.165265039,0.18509843899999998,5.1328125,1
70,0.16776153800000002,0.054289442,0.15993403,0.021987659769090714,-0.3548864431814289,-0.3129438930028984,0.126838922,0.16776153800000002,6.8359375,1
71,0.17109350199999998,0.061286735,0.14869138,0.021987659769090714,-0.3102252446826086,-0.3017494136666119,0.129557838,0.17109350199999998,0.671875,1
72,0.167083054,0.064425673,0.181705115,0.8175891742895318,-0.46919123411312946,-0.33020968473509216,0.09225677,0.167083054,4.984375,1
73,0.200830145,0.053066217,0.210058873,-0.4902429013094475,-0.47438980831335387,-0.3433180563978977,0.0,0.200830145,5.5234375,1
74,0.13709564300000002,0.066633153,0.102873481,0.7945132236690061,-0.0872378725925873,-0.23481698769188078,0.084260186,0.13709564300000002,2.1640625,1
75,0.190324563,0.051695724000000005,0.191410419,-0.22120575836029455,-0.539980511337592,-0.23481698769188078,0.0,0.190324563,6.7109375,1
76,0.187139453,0.056499407,0.176109385,0.6372424942582755,-0.5487547455108722,-0.35357123101190385,0.16619018,0.187139453,6.515625,1
77,0.18435486899999998,0.055493941,0.183430657,0.6372424942582755,-0.5181502534162145,-0.32685088652656763,0.0,0.18435486899999998,6.9921875,1
78,0.20004181199999999,0.055815131,0.21079213800000002,0.05571471591081376,-0.2864859236627037,-0.2922757952447097,0.24064324,0.20004181199999999,6.234375,1
79,0.17568186800000002,0.055815131,0.173151025,-0.1553194302110158,-0.4884146898467605,-0.34075372362956946,0.0,0.17568186800000002,6.5546875,1
80,0.184850897,0.062446727,0.18980940300000002,0.641249883905065,-0.5055099781110308,-0.316340703921181,0.0,0.184850897,6.6484375,1
81,0.182630135,0.048974549000000006,0.176618005,-0.3639082201026403,-0.5111307597599261,-0.34563620641206855,0.185474453,0.182630135,6.6796875,1
82,0.196463262,0.057606383,0.204407065,0.37963905813415094,-0.585805464823976,-0.35378820646973314,0.0,0.196463262,6.4453125,1
83,0.191310915,0.057122814,0.208774796,0.4479143477028811,0.41749911670147644,0.24532860163361536,0.090011669,0.191310915,0.3359375,1
84,0.19600602,0.053930062,0.20338389699999998,0.23191160257701984,-0.09415153050954621,-0.09721603336414353,0.090011669,0.191310915,0.28125,1
85,0.191461682,0.05186218,0.202495127,0.026845253133346215,-0.09415153050954621,-0.12331017629228565,0.09005848,0.191461682,0.5625,1
86,0.19376934699999998,0.058334877,0.206197827,0.4044166125067697,0.11574549473877142,0.03435049698257528,0.08997141199999999,0.19376934699999998,0.5625,1
87,0.194920925,0.056284804,0.208430493,0.41862506155380513,0.4155302334776946,0.26912657968689413,0.090089686,0.194920925,0.2734375,1
88,0.193808189,0.054969105,0.202232811,0.302379090874164,-0.09075208064420662,-0.13113251747410598,0.08996596300000001,0.193808189,1.9765625,1
89,0.19358899699999998,0.052350651,0.20153594800000002,-0.05025442861501888,0.14455261525183466,-0.011659518175417884,0.090130719,0.19358899699999998,3.234375,1
90,0.198295356,0.054554303,0.21451612899999997,0.1439892592288933,-0.12760146278403683,-0.19056466606820427,0.090117302,0.198295356,2.0625,1
91,0.198778046,0.05675451,0.21061583600000003,0.1612228165930173,0.28517122432590214,0.09821716855424133,0.090117302,0.198778046,0.328125,1
92,0.206312235,0.054641792,0.218515815,0.42607881007467674,-0.10808806801661054,-0.18703717533584316,0.090097324,0.206312235,0.2890625,1
93,0.11777770300000001,0.07952756700000001,0.111176471,1.5922296380388108,3.2801534411640714,3.3319701386738876,0.0,0.11777770300000001,0.0,1
94,0.10578202699999999,0.081246862,0.102789243,1.915239238382022,4.044110791763223,4.612333265501654,0.0,0.10578202699999999,0.0,1
95,0.10700936400000001,0.081312548,0.10278751,1.8795424985039253,3.482104581644475,3.5685668843342935,0.0,0.10700936400000001,0.0,1
96,0.11900630300000001,0.08308251400000001,0.10621387300000001,1.6862190094254381,3.482104581644475,4.106794969247868,0.0,0.11900630300000001,0.0,1
97,0.082525588,0.080917867,0.06124491,0.9890630427781419,1.9568827040761303,1.8476651520863445,0.0,0.082525588,0.0078125,1
98,0.130673638,0.082881544,0.11696417699999999,1.0147682466634196,4.001233819109798,4.572928276174583,0.0,0.130673638,0.0,1
99,0.096725277,0.083799544,0.086858639,1.7074051986911873,2.7210659658684495,2.8105375395590944,0.0,0.096725277,0.015625,1
100,0.119976656,0.08147064799999999,0.109892473,1.222523203493472,3.0833696385326306,2.7153362253327766,0.0,0.119976656,0.0,1
101,0.106860842,0.086955451,0.10067086,2.1751383231870003,3.335939722995823,3.0211630312350826,0.0,0.106860842,0.0,1
102,0.100905502,0.08050773900000001,0.09824561400000001,1.5408738620852989,3.1263739276272995,2.8944044307292653,0.0,0.100905502,0.0,1
103,0.16950575899999998,0.066930404,0.14097053699999998,0.9221803083614488,-0.38029416280034223,-0.31995158608921576,0.133934142,0.16950575899999998,0.828125,1
104,0.16331310599999999,0.064859684,0.149953632,0.8627714289891494,-0.4811242631695993,-0.34080856670470205,0.116846986,0.16331310599999999,0.65625,1
105,0.160925335,0.06862655299999999,0.173488915,0.8010616539309012,-0.33086208180409327,-0.3052905147142029,0.09687281199999999,0.16331310599999999,6.3359375,1
106,0.16485994699999998,0.067179041,0.148100749,0.7544287702268628,-0.33086208180409327,-0.33804733840886697,0.14162015,0.16485994699999998,3.3125,1
107,0.177427698,0.06785497900000001,0.163195266,1.0675400843517908,-0.47127920402262863,-0.3399263273193614,0.130887574,0.177427698,2.5703125,1
108,0.176685284,0.058485962999999995,0.16178489699999998,0.6341500983478574,-0.49353673678603804,-0.339642660378526,0.113089245,0.176685284,0.2421875,1
109,0.179028926,0.065368498,0.16445352400000002,0.9873205543623538,-0.4223074705527696,-0.32959396570779326,0.12641470900000001,0.179028926,5.7734375,1
110,0.16635344900000001,0.062439847,0.149581205,0.7292043389243694,-0.4878969513737804,-0.3427429951245041,0.114116445,0.16635344900000001,0.375,1
111,0.173756783,0.065038729,0.16664879400000002,1.0470149757518876,-0.41986101094203904,-0.3324233000058038,0.126613047,0.173756783,5.7890625,1
112,0.168023268,0.06330743700000001,0.145769554,0.8392925923294601,-0.4451690061838456,-0.33265694560342346,0.10856181699999999,0.168023268,0.359375,1
113,0.169352533,0.068167747,0.14283671,1.0337824696523983,-0.44015440982185855,-0.3348190597170785,0.120476758,0.169352533,5.5859375,1
114,0.130410979,0.09319920599999999,0.135239567,1.0337824696523983,4.017337717996259,4.23152678263083,0.0,0.130410979,0.0,1
115,0.116779075,0.085695072,0.131991525,1.3867228130114775,3.2493114585259475,2.9119631316977412,0.0,0.116779075,0.0,1
116,0.10716189,0.08495081,0.11428076300000001,1.283741690970727,3.3901420792813557,3.2950728494725308,0.0,0.10716189,0.0078125,1
117,0.131099727,0.078964943,0.149948007,0.1124864715107205,3.6011999316284355,3.543390577659118,0.0,0.131099727,0.0,1
118,0.126194803,0.08457129699999999,0.14090064300000002,1.2355767027671627,4.118943986978189,4.48413237033767,0.0,0.126194803,0.4375,1
119,0.10712988300000001,0.084279163,0.095355286,1.4568837712710103,3.3579842909566424,3.2572904716502515,0.0,0.10712988300000001,0.0,1
120,0.164801332,0.070558618,0.175711061,1.2014124241849387,2.468848221328703,2.1600058596378897,0.060045147,0.164801332,0.0,1
121,0.174842857,0.066636271,0.19103313800000002,0.935644249361639,1.3819541459834759,1.1362531348944052,0.060045147,0.174842857,0.640625,1
122,0.164958845,0.07333480099999999,0.17365504899999998,1.3936268013265856,2.248183948518912,1.8094940973676994,0.060053619,0.164958845,0.4375,1
123,0.162515085,0.076269221,0.172964728,1.5905778388590732,2.248183948518912,1.792586309591236,0.060057197,0.162515085,0.0,1
124,0.17234639999999998,0.072829239,0.18486122800000002,1.462048986049937,1.9432555655077648,1.5499063261523098,0.060050463,0.17234639999999998,0.1796875,1
125,0.167705128,0.070774462,0.17944212,1.462048986049937,2.3129164430363423,1.9208092489517352,0.059944212000000004,0.167705128,0.140625,1
126,0.16862254,0.069783277,0.182238443,1.1624468421091114,1.885828849183751,1.5634556643614494,0.060121655,0.16862254,3.09375,1
127,0.16640212599999998,0.07658519400000001,0.172627119,1.6606342767771272,1.9518959522481247,1.3183222130750345,0.060211864000000004,0.16640212599999998,0.0,1
128,0.169081838,0.070911707,0.178467824,1.0413448731547639,1.3502572405804212,0.9246199436901711,0.060061287000000005,0.169081838,0.203125,1
129,0.160199487,0.07031749400000001,0.165680473,1.0413448731547639,2.061565697937618,0.9246199436901711,0.06019723900000001,0.160199487,0.171875,1
130,0.200814728,0.053800182,0.165680473,0.27081180696937174,-0.49126843678628834,-0.3367803131022747,0.22247340399999999,0.200814728,4.09375,1
131,0.208676975,0.05269832,0.22646813600000001,0.006713502011354772,-0.43265526672260235,-0.3328773736363818,0.230470518,0.208676975,6.109375,1
132,0.214956445,0.053447127999999997,0.23692307699999998,0.11204125263445602,-0.41979376830719467,-0.3328773736363818,0.23904161399999999,0.214956445,6.3046875,1
133,0.211484996,0.053870577999999995,0.23293515399999998,0.39771379436697885,-0.3976239202760181,-0.3202330478541761,0.248583618,0.211484996,5.03125,1
134,0.20692432,0.053096175,0.22656183,0.12661711796621725,-0.2898997170683964,-0.29255876647631135,0.23817012199999998,0.20692432,5.859375,1
135,0.10782521099999999,0.080407475,0.10079058,1.5954967802068911,-0.44174692955231604,-0.32840213939518287,0.012716568999999999,0.10782521099999999,0.9765625,1
136,0.11586623300000001,0.08173035599999999,0.09949625599999999,1.52251316407483,-0.46664277408974786,-0.3271635468021062,0.006671205,0.11586623300000001,0.6328125,1
137,0.113203353,0.077958396,0.10239361699999999,1.4664591358077672,-0.4985548717058328,-0.3385913767535751,0.0033510640000000004,0.113203353,3.1328125,1
138,0.085150614,0.079647772,0.06962766,0.8803575011435315,-0.2940149448981402,-0.31081880198922707,0.005212766,0.085150614,4.28125,1
139,0.11561868800000001,0.077059979,0.102809266,1.3529824504648356,-0.4376442604966664,-0.33126269229613825,0.0979793,0.11561868800000001,4.328125,1
140,0.113315913,0.077888214,0.10496224400000001,1.3456307247110177,-0.5508966375455127,-0.3487422903679581,0.00407767,0.113315913,4.5625,1
141,0.119213317,0.078285722,0.103415409,1.289477234215387,-0.44936637202314783,-0.3301396326823324,0.09807784,0.119213317,4.3828125,1
142,0.105493079,0.082376205,0.09179161400000001,1.6157127352666367,-0.2290589043402683,-0.26651883523724057,0.004447268,0.105493079,0.7109375,1
143,0.108456021,0.079489194,0.10058651,1.488207342283181,-0.40982890711444137,-0.3188057408871277,0.006979472,0.108456021,0.6171875,1
144,0.099853981,0.08010205299999999,0.087670851,1.3968898718187126,-0.37326704988448944,-0.31475178621122424,0.009958159,0.099853981,1.6328125,1
145,0.145026456,0.08403838699999999,0.144606181,1.0611783215431319,4.130173682982005,5.104401585634488,0.0,0.145026456,0.3828125,1
146,0.138468277,0.08584757,0.144606181,1.6720621069564492,3.9283782864589427,4.651829751823167,0.0,0.138468277,0.4296875,1
147,0.09791506,0.085508254,0.07815340900000001,2.064993213234708,3.1498210719934274,3.247275092590751,0.0,0.09791506,0.515625,1
148,0.136481726,0.079757207,0.133596674,1.2094517384743384,3.1498210719934274,-0.3406491898520894,0.144074844,0.136481726,4.84375,1
149,0.135724315,0.079757207,0.133596674,2.169467381069062,3.161267094334578,2.997847787745375,0.0,0.135724315,0.0,1
150,0.105873231,0.08975538,0.09724550900000001,2.0918280763287753,3.4064110716424127,3.367855515021879,0.0,0.105873231,0.390625,1
151,0.112636549,0.08591727699999999,0.103882979,2.0564681102256532,4.087149329542977,4.5771891329892735,0.0,0.112636549,0.4375,1
152,0.116288598,0.089218425,0.103882979,2.255975509628122,3.1100802108719168,2.8923399913945564,0.0,0.116288598,0.5234375,1
153,0.11328765,0.08448543900000001,0.10460227300000001,2.056645710854086,3.8971327691041107,4.1915971462842245,0.0,0.11328765,0.0,1
154,0.122448465,0.08626794300000001,0.11162162199999999,1.93242576159248,3.7156340843705085,4.02878495216281,0.0,0.122448465,0.375,1
155,0.174297912,0.072622833,0.178299845,1.4304535781978387,1.8984637328128542,1.4526893528831093,0.059938175999999996,0.174297912,0.7578125,1
156,0.164973473,0.072853663,0.177029388,1.4061699558967802,2.248284612865993,1.8902958538518393,0.060047657000000004,0.164973473,0.34375,1
157,0.165807663,0.06985103,0.177029388,1.0467563613647974,2.267822963386334,1.9191467943943448,0.060047657000000004,0.165807663,0.4609375,1
158,0.155057253,0.072210044,0.160893655,1.2465793576296806,2.267822963386334,2.1253540121870773,0.060053619,0.155057253,0.046875,1
159,0.170310011,0.073088435,0.17628970800000002,1.5373076616148618,2.4895953054035442,2.1641124175647577,0.059949174,0.170310011,0.375,1
160,0.163180094,0.068044544,0.177170543,0.9021659222494075,2.941273417077514,2.9265812463657173,0.060096899,0.163180094,0.625,1
161,0.161740724,0.071970795,0.177170543,1.3458001400115036,3.1001102269120193,3.0655191627756126,0.06003729,0.161740724,0.59375,1
162,0.160984675,0.071163182,0.172530414,1.0802309945854423,3.1643541204682952,2.9504465134235924,0.059951338,0.160984675,0.0,1
163,0.16987581100000002,0.073346074,0.180587768,1.471517878359319,2.149494709885836,1.803709767213838,0.060047657000000004,0.16987581100000002,0.6796875,1
164,0.171829295,0.071932805,0.180107207,1.3927478650092227,2.547788934785363,2.4617281422414408,0.060035736,0.171829295,0.1796875,1
165,0.168957754,0.072075464,0.196720686,0.8398909607904181,-0.3144519158855182,-0.2857842249361903,0.050181125,0.168957754,4.9921875,1
166,0.16646939800000002,0.077571464,0.179002933,0.8398909607904181,-0.2147866843820882,-0.18611833540292455,0.050087977,0.16646939800000002,6.5234375,1
167,0.147872771,0.08738025099999999,0.17518617,1.7321585328882905,-0.2147866843820882,-0.18611833540292455,0.050079787,0.147872771,5.2265625,1
168,0.14874241800000002,0.08625992699999999,0.173049853,1.5743751710798433,-0.2673825475359449,-0.2234445562259644,0.050087977,0.14874241800000002,5.234375,1
169,0.138676549,0.08818921099999999,0.156627566,1.8587289935160167,-0.11939552715500523,-0.13317003546629919,0.050087977,0.138676549,3.6015625,1
170,0.150704949,0.087127145,0.174299333,1.7250292171864114,-0.3423493972408034,-0.2532220186092923,0.050181125,0.150704949,5.5546875,1
171,0.154305636,0.084789505,0.17555851100000003,1.7250292171864114,-0.3049036211102863,-0.21751240901486893,0.050079787,0.154305636,6.9921875,1
172,0.154811854,0.083201832,0.175923754,1.1521528267666141,-0.22019035477026921,-0.20559991460593624,0.050087977,0.154811854,4.8046875,1
173,0.16710528,0.074807149,0.190605854,0.8544397515758929,-0.25631186911833015,-0.22585666476476013,0.05012934,0.16710528,5.375,1
174,0.18881488,0.070484528,0.163710895,1.0349989772895098,-0.41250204692175824,-0.3169515845078835,0.0,0.18881488,0.390625,1
175,0.13496158800000002,0.062047084,0.111387721,0.5575694503434241,-0.3919877568283294,-0.32639753585687553,0.104793944,0.13496158800000002,4.2578125,1
176,0.142010214,0.067119378,0.116300448,0.6788576879786204,-0.25068125239331585,-0.29268971141027134,0.08396861,0.142010214,4.6484375,1
177,0.141046606,0.065363307,0.10974576300000001,0.7455210136302892,-0.2906872743378998,-0.3035474277784266,0.101144068,0.141046606,0.1328125,1
178,0.14668393300000002,0.066241093,0.120098039,0.948391260573759,-0.457939234587583,-0.3369849109115659,0.09996732,0.14668393300000002,3.640625,1
179,0.13410572099999998,0.064398543,0.109854015,0.4475264261222463,-0.2955266566281011,-0.30113702819476923,0.0856691,0.13410572099999998,3.375,1
180,0.137295009,0.065283349,0.112982456,0.6301656066312995,-0.2955266566281011,-0.300147155287609,0.083508772,0.137295009,4.578125,1
181,0.141913032,0.064111088,0.11729024199999999,0.8454269499373307,-0.31483651726739437,-0.2967848452811528,0.083356122,0.141913032,4.1953125,1
182,0.139332701,0.063610933,0.114607843,0.7083321934075263,-0.39541790764966334,-0.32584516273482583,0.10179738599999999,0.139332701,3.75,1
183,0.134991571,0.063945217,0.10726810699999999,0.5628448102532904,-0.3370415072320005,-0.31445260871958636,0.083964422,0.134991571,3.3125,1
184,0.14502084099999998,0.067298316,0.114684609,1.0666480934857534,-0.2848355575362868,-0.28178924764896357,0.085719092,0.14502084099999998,3.1640625,1
185,0.111692076,0.079744523,0.10422018300000001,0.8683128330453187,-0.6223771413831272,-0.35540629111464855,0.008807339,0.111692076,0.3046875,1
186,0.13343119,0.075590049,0.13158042,1.0065291893840884,-0.5603234602362606,-0.35540629111464855,0.11278321699999999,0.13343119,0.5859375,1
187,0.11068266800000001,0.07764552400000001,0.10373333300000001,1.1174477078872864,-0.6008499289509663,-0.35232966766858526,0.009066666999999999,0.11068266800000001,0.4609375,1
188,0.12833735,0.083162523,0.122666667,1.5707889480379658,-0.46410665030706794,-0.33007579947647403,0.10853333300000001,0.12833735,3.5234375,1
189,0.133594832,0.083162523,0.122666667,1.1624929527898806,-0.46546267293434274,-0.33007579947647403,0.127354839,0.133594832,0.4921875,1
190,0.12846159699999998,0.077023594,0.12747784,0.8809116478455545,-0.549838625200105,-0.34418950085016153,0.127703465,0.12846159699999998,0.5234375,1
191,0.118850224,0.077088647,0.11897555300000001,1.014489945513216,-0.44695110429161067,-0.3283338407436428,0.12353899900000001,0.118850224,0.2890625,1
192,0.141909368,0.076153546,0.132439479,0.7074738883141948,-0.4730019057876259,-0.3328409640766843,0.11836126599999999,0.141909368,5.28125,1
193,0.113763716,0.076831871,0.109908925,1.4233146499826272,-0.45807630702426194,-0.3310437606753028,0.10633879800000001,0.113763716,1.375,1
194,0.150862475,0.07483119099999999,0.139380531,0.6264146905935212,-0.29873010908332603,-0.30865712901341685,0.143716814,0.150862475,0.453125,1
195,0.137313249,0.077583497,0.15292587800000002,0.9792961205794015,-0.47349882233367163,-0.3374355622546016,0.015292588000000001,0.137313249,6.0546875,1
196,0.14452357,0.076059305,0.162253995,0.6761897328042931,-0.46945629249470383,-0.3390705265463884,0.16366694699999998,0.14452357,1.7734375,1
197,0.14553057,0.078547345,0.160583431,0.9999213210484845,-0.4270621766376119,-0.3296293062321495,0.16042007,0.14553057,5.9296875,1
198,0.138794665,0.07447280099999999,0.160583431,0.9999213210484845,-0.46776402571849696,-0.3361901936047222,0.178662583,0.138794665,6.3515625,1
199,0.149095716,0.073902942,0.163917084,0.8281180665680719,-0.46776402571849696,-0.3361901936047222,0.172923517,0.149095716,5.3359375,1
200,0.145027257,0.080244027,0.158185208,1.1558774658028796,-0.5399046110116998,-0.3468226997634692,0.021230577999999996,0.145027257,6.3125,1
201,0.14956076599999998,0.076884563,0.173370217,0.6665758762381644,-0.37952798275299576,-0.3468226997634692,0.182664822,0.14956076599999998,5.8515625,1
202,0.148974343,0.077394775,0.168856383,0.7865812421158164,-0.37952798275299576,-0.33161097877195117,0.185239362,0.148974343,5.9296875,1
203,0.15990538699999998,0.077485227,0.16810673399999998,1.0743444845102077,-0.6103218368031836,-0.3515671031217369,0.200304956,0.15990538699999998,2.5625,1
204,0.146143734,0.07324903,0.16297683599999999,0.6839311221444363,-0.49306272352901354,-0.3419598275061374,0.181192706,0.146143734,6.1015625,1
205,0.171766033,0.064629033,0.189385113,0.5532027667757949,-0.558541717039839,-0.35362849585751954,0.218532902,0.171766033,6.0078125,1
206,0.15350374,0.074293323,0.172014995,0.8875643046166434,-0.5463214203885409,-0.3475300253272446,0.015613871000000001,0.15350374,6.1796875,1
207,0.16830461100000002,0.073633876,0.19177951699999998,0.8875643046166434,-0.5067634067879129,-0.34297104952432417,0.016862879,0.16830461100000002,5.46875,1
208,0.195750488,0.037821133,0.202781775,-0.6770330715007118,-0.3667663668760639,-0.321107749052753,0.20882494,0.195750488,19.8046875,0
209,0.184702632,0.033981934,0.18173913,-0.7548053773261298,-0.3876139971095672,-0.32881010119341836,0.183043478,0.184702632,8.0390625,0
210,0.181748894,0.031095803999999998,0.18030303,-0.9536247054685478,-0.2830847206979876,-0.3104911774599826,0.191515152,0.181748894,11.53125,0
211,0.18163922899999999,0.034513993,0.17429097600000001,-0.962584932116065,-0.17474707616130444,-0.2774268302137025,0.170165746,0.18163922899999999,9.75,0
212,0.196909306,0.041959509000000006,0.193666667,-0.5375743083076849,-0.4779536972043856,-0.3429536198875558,0.18666666699999998,0.196909306,9.3046875,0
213,0.186370118,0.031625009,0.181253918,-0.8209418197142455,-0.3347036119037806,-0.3194099276798132,0.18213166100000003,0.186370118,9.28125,0
214,0.193111653,0.034134222,0.186330935,-0.606569696855562,-0.2215155843826348,-0.2709481700787148,0.17357314100000001,0.193111653,9.375,0
215,0.193460595,0.035204649,0.189960784,-0.6052709581546117,-0.4942247688510123,-0.3475814912012223,0.183372549,0.193460595,8.9765625,0
216,0.19424975100000003,0.037110477,0.19108635100000002,-0.42833071778268056,-0.5116091660614547,-0.3487342196175616,0.19069637899999997,0.19424975100000003,11.578125,0
217,0.190408403,0.034724938999999996,0.18551617899999998,-0.7428821249258003,-0.3840135864396387,-0.3291750702508333,0.18422188,0.190408403,9.6796875,0
218,0.191336327,0.034237033,0.19056019100000002,-0.8924124934093857,-0.4039920135285807,-0.3325109470268058,0.202908224,0.191336327,9.234375,0
219,0.193605246,0.034647315,0.184615385,-0.6295090154634306,-0.26302908265491554,-0.2938112176357433,0.181923077,0.193605246,9.5859375,0
220,0.18414203699999998,0.036291221,0.18268506899999998,-0.8499733729730874,-0.1080218008255708,-0.2439518193365046,0.184792974,0.18414203699999998,4.21875,0
221,0.18630850000000002,0.042347965,0.178274605,-0.6295580434790322,-0.19867019263204738,-0.27338280679718496,0.171130012,0.18630850000000002,8.0390625,0
222,0.19105516600000003,0.036377491,0.179898219,-0.46623462084771966,-0.2695313137066756,-0.29995006622755654,0.164223919,0.19105516600000003,7.2421875,0
223,0.19350799999999999,0.033231247,0.19587057,-0.7881567479030985,-0.30173087462930487,-0.30567656762476597,0.202342065,0.19350799999999999,10.640625,0
224,0.18750606399999997,0.033577874,0.18778947399999998,-0.8950457134099887,-0.31615328749607435,-0.3131944384667134,0.19031578899999999,0.18750606399999997,11.578125,0
225,0.177098438,0.033985036,0.17206951,-1.0007972751285696,-0.27582793965080027,-0.3079644974444567,0.167203791,0.177098438,7.359375,0
226,0.185578892,0.040186007,0.17727152300000001,-0.7483270890283359,-0.28841037548174747,-0.3097068977622431,0.17727152300000001,0.185578892,11.484375,0
227,0.185635395,0.041935656,0.173206198,-0.6822821334210454,-0.005397790774445484,-0.21613554056707787,0.16252681800000002,0.185635395,8.109375,0
228,0.19049253300000002,0.034786015,0.181631579,-0.5448771529620436,-0.3806071830114381,-0.3265193636310897,0.18052631600000002,0.19049253300000002,7.1484375,0
229,0.18739554100000003,0.044700263,0.18559796399999998,-0.8251137554407931,-0.36820329025492243,-0.32308771110288936,0.17419847300000002,0.18739554100000003,6.5859375,0
230,0.20235357699999998,0.035542655,0.205849802,-0.3964328725569451,-0.4895663518921837,-0.34741388057956935,0.235177866,0.20235357699999998,3.8203125,0
231,0.18406163399999997,0.040805986,0.173429812,-0.741388260599402,-0.13409905922316245,-0.26588808114720314,0.17018813300000002,0.18406163399999997,4.1015625,0
232,0.181589692,0.032103213,0.175877437,-1.0912949325290784,-0.20555929885166802,-0.2933705042697886,0.17509749300000002,0.181589692,8.7890625,0
233,0.201903799,0.036923337,0.196107554,-0.5871629559094854,-0.41061514596876875,-0.33267339281730235,0.18069142100000002,0.201903799,11.5078125,0
234,0.188179187,0.033250895,0.18474226800000002,-0.8383905672512987,-0.4451213014963312,-0.3420867555344207,0.177525773,0.188179187,10.8046875,0
235,0.18728351199999999,0.035719189,0.18317180600000002,-0.580541697216881,-0.34407797502944365,-0.31609418857763755,0.161894273,0.18728351199999999,10.3125,0
236,0.17641008100000002,0.032358143,0.17196347,-0.9406433210328738,-0.32269521047583566,-0.31528634815129536,0.15630137,0.17641008100000002,11.625,0
237,0.193523363,0.038389466000000004,0.20004184100000003,-0.43290253826147795,-0.4896809875639674,-0.3459079986151983,0.153179916,0.193523363,9.140625,0
238,0.188522388,0.034891291,0.18367688,-0.6656882699300021,-0.36390323425327864,-0.3198951660061788,0.162228412,0.188522388,9.3984375,0
239,0.184762134,0.034018272,0.181464968,-0.8279234427167289,-0.4198425835851541,-0.33713295006672894,0.172993631,0.184762134,10.9453125,0
240,0.193174533,0.04108471,0.18485084300000001,-0.35353214160046753,-0.3646664049085359,-0.31883681329050595,0.17431906600000002,0.193174533,7.9921875,0
241,0.185827215,0.03509635,0.180990099,-0.9261066613231775,-0.3141541790117069,-0.31871021614596556,0.182178218,0.185827215,3.75,0
242,0.184799701,0.037040603,0.184954128,-0.946797911092388,-0.22461751610060796,-0.2881488621677269,0.190091743,0.184799701,11.15625,0
243,0.187615753,0.036183078,0.1802849,-0.6788398252348956,-0.2643120297114283,-0.28948093335938035,0.16871794899999998,0.187615753,9.1875,0
244,0.188623997,0.038734105,0.18356703600000002,-0.654281973459587,-0.44764874543844996,-0.33977497037904186,0.17530135300000002,0.188623997,7.2421875,0
245,0.19491019199999998,0.044559548,0.18972413800000001,-0.27104252633899606,-0.32555996139744314,-0.3083404256238069,0.168,0.19491019199999998,9.046875,0
246,0.19359881,0.034550251000000004,0.18845217399999997,-1.026372122419283,-0.18367918583650317,-0.2808397224219169,0.18260869600000001,0.19359881,8.484375,0
247,0.18132979100000002,0.044457265999999995,0.16923928100000002,-0.5824484168921221,-0.18065273810278745,-0.2769435423372663,0.162268326,0.18132979100000002,10.640625,0
248,0.190043867,0.040268309,0.184090339,-0.7467449700762508,-0.26914233935329185,-0.29559121286901946,0.17460476800000002,0.190043867,10.1015625,0
249,0.196426044,0.035256288999999996,0.19361702100000003,-0.5575451862534838,-0.45130072951988454,-0.33751174248469856,0.16978723399999998,0.196426044,3.2109375,0
250,0.184188485,0.043292280999999995,0.175376344,-0.5704856230614017,-0.37631025614769037,-0.32655471457698115,0.167849462,0.184188485,8.3671875,0
251,0.191454714,0.037625332000000004,0.19155624,-0.607058276981926,-0.5141964692365624,-0.35039906823563316,0.179476117,0.191454714,9.0,0
252,0.18622997100000002,0.032530249,0.17877551,-0.7525706358804112,-0.1420506950776214,-0.2539412452406055,0.17306122399999999,0.18622997100000002,9.9140625,0
253,0.185092628,0.03562072,0.17700748100000002,-0.6858541685611474,-0.18952406726367435,-0.2640004556322775,0.170374065,0.185092628,15.0703125,0
254,0.189449863,0.042000464,0.18047026300000002,-0.4361418922905786,-0.3800996305459297,-0.3263341534707332,0.178921162,0.189449863,12.5625,0
255,0.18868729999999997,0.042357375,0.1792,-0.44343915413151713,-0.33606336153277,-0.31432479968518606,0.168,0.18868729999999997,9.1171875,0
256,0.193594779,0.036753455,0.192560276,-0.2893874203701213,-0.5324804133866569,-0.3526234040203867,0.159448909,0.193594779,9.2109375,0
257,0.182167618,0.037331527,0.171089109,-0.33594846208040813,-0.29725763469721234,-0.3056592769289207,0.16792079199999999,0.182167618,10.7109375,0
258,0.213625895,0.046308532,0.222068966,0.1462177462445392,-0.5372504590477827,-0.3510286707515497,0.16369906,0.213625895,9.2109375,0
259,0.18043305699999998,0.032401422,0.175744681,-0.630482271944369,-0.3903053429516782,-0.32959074149013856,0.156879433,0.18043305699999998,8.015625,0
260,0.185328324,0.037949063,0.178677043,-0.8947018456841263,-0.2255686348943784,-0.292394793113964,0.17722438399999998,0.185328324,9.3046875,0
261,0.184026429,0.037446447,0.177006369,-0.6314114116064741,-0.36546287856848175,-0.32299791504320147,0.160955414,0.184026429,8.1328125,0
262,0.18422428,0.031478604,0.182933333,-0.8090971044861678,-0.3983358641250452,-0.3327673655556207,0.181688889,0.18422428,5.34375,0
263,0.237416787,0.027851327999999998,0.239101124,-1.1286320750918477,-0.27892392664703036,-0.3065062317835773,0.23988764,0.237416787,9.5625,0
264,0.232943235,0.034495472,0.23616161600000002,-0.9493847055919165,-0.4007211900405512,-0.33586631134499817,0.247828283,0.232943235,8.484375,0
265,0.234240224,0.029158317000000003,0.234896907,-0.9444125386244213,-0.3777966961480847,-0.3273772575815535,0.229123711,0.234240224,8.625,0
266,0.22188151899999997,0.048764839000000004,0.228118812,-0.9676670972983578,-0.2199041143591246,-0.28801085879641514,0.225346535,0.22188151899999997,11.203125,0
267,0.230886645,0.040738843999999996,0.232738854,-0.9121428906177009,-0.21557052624376302,-0.28712956167131026,0.22426751600000003,0.230886645,10.4296875,0
268,0.231964475,0.030667062000000002,0.23179339999999998,-1.0097880393457355,-0.31281112578973946,-0.31594814952925276,0.22175035899999998,0.231964475,10.1953125,0
269,0.22569798,0.035251117,0.228681672,-1.0854261153550222,-0.17466895984581446,-0.2739989228253607,0.22823151100000003,0.22569798,7.7578125,0
270,0.231343231,0.029295732999999997,0.227883212,-0.9787397681968548,-0.33537199613907326,-0.3216376277326406,0.224817518,0.231343231,19.21875,0
271,0.22905718600000002,0.030691324,0.230268657,-0.9613896223795343,-0.3820760721181142,-0.3321240773449802,0.21689552199999998,0.22905718600000002,11.953125,0
272,0.223205585,0.027143501,0.22326579300000002,-1.1375645765644462,-0.2810017906680007,-0.31261998125597046,0.22326579300000002,0.223205585,12.0,0
273,0.231010854,0.036676306,0.236326531,-0.9581675624792246,-0.18651703478974954,-0.2676196821491273,0.23428571399999998,0.231010854,6.84375,0
274,0.23582089999999997,0.02985539,0.233959732,-0.995797110141891,-0.38226368524523724,-0.33169553675166275,0.22785234899999998,0.23582089999999997,7.1953125,0
275,0.23145366899999997,0.035458289,0.233461538,-0.7909553115282342,-0.4564391567164888,-0.3402845776770566,0.216923077,0.23145366899999997,6.6328125,0
276,0.23209811800000002,0.03650477,0.23266982600000002,-0.8801078676907794,-0.31113035236142395,-0.3099841859452263,0.23001579800000002,0.23209811800000002,10.640625,0
277,0.23071882300000002,0.035919023,0.23813504800000002,-0.9626023311849579,-0.37227088399872577,-0.32700576803782333,0.243536977,0.23071882300000002,9.6328125,0
278,0.229766112,0.031807402,0.22826087,-0.9373099196844622,-0.26583390010805563,-0.3003900617329952,0.216521739,0.229766112,8.2265625,0
279,0.224950722,0.033426528999999996,0.22306525,-0.9781865029916875,0.16233504804315574,-0.12924047671681566,0.215842185,0.224950722,7.171875,0
280,0.236146783,0.028310297999999998,0.23832061100000002,-0.9896000193411126,-0.3745074960047906,-0.32872806476155775,0.235826972,0.236146783,9.328125,0
281,0.231686187,0.034686565,0.236417034,-1.0141708417130146,-0.3416595198444946,-0.32341851082220596,0.236417034,0.231686187,8.0390625,0
282,0.229661337,0.030095989,0.23125136,-1.1677541438476082,-0.20954381461593818,-0.29322178653358233,0.230337323,0.229661337,6.984375,0
283,0.241433645,0.030187814,0.244230769,-1.1299925815367684,-0.24842302713434194,-0.2981183171425943,0.244230769,0.241433645,6.421875,0
284,0.238103225,0.033586239,0.242173275,-1.0228002761713644,-0.37045983232392155,-0.3284415581566129,0.231071953,0.238103225,10.828125,0
285,0.237496811,0.030858541,0.240694645,-1.0475521621950616,-0.2875950756006324,-0.31209893695232827,0.232185239,0.237496811,8.6953125,0
286,0.231732498,0.025500206,0.23183279699999998,-1.1799059557898472,-0.13654396317666326,-0.26662536904974055,0.23183279699999998,0.231732498,6.421875,0
287,0.233867118,0.038921858999999996,0.241801325,-1.0051870874946547,-0.3308250969619321,-0.3220115986560482,0.242543046,0.233867118,6.515625,0
288,0.23756833,0.03100774,0.23957615899999998,-0.9117834497807187,-0.35304308436482335,-0.3243405870061197,0.229192053,0.23756833,8.8828125,0
289,0.23278146100000002,0.029592142000000002,0.233333333,-1.0681048280657206,-0.19159523278727394,-0.28018779787731934,0.226470588,0.23278146100000002,5.15625,0
290,0.233097836,0.036174387,0.238130841,-1.047836025170665,-0.24503313357273007,-0.2962300991788476,0.24074766399999997,0.233097836,7.640625,0
291,0.22639725800000002,0.035736698,0.229933775,-1.1764271074602206,-0.12458319704596015,-0.2678409577818832,0.22882119199999998,0.22639725800000002,8.390625,0
292,0.236347597,0.030660699,0.237795786,-1.0339752007051395,-0.3462198689675579,-0.3221658243778491,0.22917342,0.236347597,8.2265625,0
293,0.243272142,0.030836707,0.24614379100000003,-1.0008882791849258,-0.33177440866688707,-0.32251633656349415,0.237908497,0.243272142,4.96875,0
294,0.230687452,0.030193126,0.23079365100000002,-1.0381219298192141,-0.24893244777287057,-0.29737121400856825,0.22126984100000002,0.230687452,9.140625,0
295,0.227052024,0.032777816,0.22690370399999998,-0.9832199339906643,-0.15691598781078073,-0.25152125392543867,0.215703704,0.227052024,5.25,0
296,0.233010718,0.036847826,0.23379085,-0.8376481370184704,-0.30116641625694096,-0.3048437617153212,0.22555555600000002,0.233010718,12.0703125,0
297,0.228311553,0.032356954,0.22862385300000002,-1.0186834969623682,-0.24219600863170265,-0.2951896104538542,0.219204893,0.228311553,11.3671875,0
298,0.229717967,0.03838037,0.232535613,-1.072290468969575,-0.18869502274428326,-0.27661692584867875,0.227350427,0.229717967,11.2265625,0
299,0.233652026,0.032379797,0.234029851,-1.0052451823350592,-0.2893313323486973,-0.30996079053705766,0.234029851,0.233652026,10.3359375,0
300,0.23330119100000002,0.031794977,0.23399684,-1.0379324709592679,-0.3033831727816362,-0.31248058339713736,0.22470774100000002,0.23330119100000002,11.0390625,0
301,0.23096729100000002,0.030928196,0.23420373,-1.12782682771403,-0.28541329263845633,-0.3110864935280068,0.23862266899999998,0.23096729100000002,12.0,0
302,0.21875845800000002,0.037822907999999995,0.221782178,-1.1837813727645041,0.06441962048391989,-0.18854728211772626,0.218217822,0.21875845800000002,6.2578125,0
303,0.22988927899999997,0.041729751,0.234402036,-1.00455331224332,-0.23863231649064529,-0.2928903943544049,0.230839695,0.22988927899999997,5.8828125,0
304,0.22469818,0.033297582,0.22641651,-1.1388524224828207,-0.251615348593871,-0.30053945272907956,0.221688555,0.22469818,8.25,0
305,0.243528037,0.02737597,0.24850539300000002,-1.0416946155879478,-0.30456553768652733,-0.30974526772421535,0.254545455,0.243528037,9.84375,0
306,0.235350675,0.03032023,0.238130841,-1.087065951363145,-0.32224854944524906,-0.3190950958610341,0.23065420600000003,0.235350675,11.8359375,0
307,0.231767655,0.038282321,0.236157895,-1.1016120137059704,-0.14734656413020225,-0.2646429765077092,0.23542105300000002,0.231767655,9.8671875,0
308,0.22711242899999998,0.03331947,0.229968652,-1.1249062607264408,-0.22852296398552768,-0.29598119383725563,0.227774295,0.22711242899999998,20.8359375,0
309,0.23918175,0.031724641,0.24303490100000003,-0.8979288167812045,-0.45342275430622636,-0.34373883164479113,0.23198786,0.23918175,9.234375,0
310,0.239820106,0.029519022000000002,0.241946309,-0.8676152312856327,-0.4441551364342868,-0.3427535260582352,0.22362416100000002,0.239820106,4.265625,0
311,0.227305907,0.031153807999999998,0.229052632,-1.1601575508600481,0.07125605516069067,-0.17810564615005078,0.22736842100000001,0.227305907,9.65625,0
312,0.233744215,0.029424284,0.237921348,-1.0626023357993306,-0.2923214687238935,-0.31326081376541964,0.24578651699999998,0.233744215,11.2265625,0
313,0.23448178,0.037640189,0.24,-1.1419878858110535,-0.13236209247936745,-0.25968710121714284,0.237009346,0.23448178,11.5546875,0
314,0.235183452,0.036335024,0.24,-0.9144541963617563,-0.3824768474899737,-0.32939406092335505,0.238130841,0.235183452,5.9765625,0
315,0.236364734,0.030406713999999998,0.237603993,-0.9515823192295875,-0.41015248952865063,-0.3324336232208953,0.233410982,0.236364734,10.8046875,0
316,0.23159545899999998,0.031544989,0.23277611899999998,-0.9964740577511418,-0.38324078732169214,-0.3289685630429673,0.236119403,0.23159545899999998,2.953125,0
317,0.23014427399999998,0.033577327000000004,0.23136842100000002,-1.062949876428759,-0.20222947823124077,-0.2776850016690273,0.229157895,0.23014427399999998,8.4140625,0
318,0.226241136,0.028670539,0.224702194,-1.0327958208760755,-0.2026563287716567,-0.28791139225307644,0.216802508,0.226241136,9.3046875,0
319,0.23306195100000002,0.030992758,0.235463347,-0.7287549414936659,-0.4447631597847204,-0.3432842403432191,0.21881051199999998,0.23306195100000002,9.5859375,0
320,0.23012555399999998,0.02930706,0.23377537199999998,-1.1920259708812146,-0.2188530230444802,-0.2980835046334889,0.234154263,0.23012555399999998,11.71875,0
321,0.23433555,0.028435595,0.236420233,-0.9785450413437937,-0.3877808118436138,-0.3319634311350272,0.229883268,0.23433555,9.4921875,0
322,0.23448597699999998,0.034413499,0.24076433100000003,-0.9589314634568987,-0.38587642852196297,-0.33148057364370775,0.24433121,0.23448597699999998,8.7421875,0
323,0.212329591,0.039209898,0.21229706399999998,-0.918397530570354,-0.3934499659532436,-0.3317555365658061,0.204559585,0.212329591,11.4140625,0
324,0.219597195,0.040985666000000004,0.21955095,-0.380466236054879,-0.5329130350866133,-0.352151646523884,0.20697754699999998,0.219597195,5.9296875,0
325,0.214555863,0.038113324,0.214588235,-0.5306468973618362,-0.3000135641943021,-0.3015859205891049,0.21600000000000003,0.214555863,8.671875,0
326,0.208305247,0.043927558,0.210193906,-0.8008612373859341,-0.11870058392272304,-0.2486221396495998,0.211357341,0.208305247,6.5859375,0
327,0.213144697,0.039535844,0.215072464,-0.5547263482006637,-0.44962270937990967,-0.3395100715853835,0.192077295,0.213144697,8.296875,0
328,0.20986484600000002,0.037842445,0.212121212,-0.7424055499470918,-0.5226415510851873,-0.3518436712528114,0.209888357,0.20986484600000002,5.5546875,0
329,0.20933155,0.037362157,0.20789156600000003,-0.5577334907723094,-0.36779696539169937,-0.3256109817805136,0.19186747,0.20933155,7.5,0
330,0.20482150100000002,0.035735235,0.20475,-0.8232445833340071,-0.33132739116756943,-0.31294625070964344,0.20475,0.20482150100000002,4.4296875,0
331,0.217675355,0.037548646,0.217727273,-0.6801444405815514,-0.4772547101285214,-0.34585566255959016,0.240454545,0.217675355,4.6171875,0
332,0.214522596,0.04289412099999999,0.221155867,-0.4874730073201472,-0.47025874150501684,-0.34447260168856764,0.24469352,0.214522596,4.921875,0
333,0.200142415,0.039317273,0.204246575,-1.0144368228952567,-0.32894400852577754,-0.3208887696904673,0.20041095899999997,0.200142415,9.890625,0
334,0.20766520100000002,0.034410775,0.20805839399999998,-0.5798141894665411,-0.37306631628545606,-0.3242222863143875,0.18312408800000002,0.20766520100000002,4.734375,0
335,0.206233015,0.04009917,0.19746913600000002,-0.4786264727790143,-0.10574750246072528,-0.2481553044406849,0.192283951,0.206233015,4.125,0
336,0.210378654,0.04454222,0.207963247,-0.2979012528122327,-0.4309239906733188,-0.33205523994754066,0.187810107,0.210378654,8.765625,0
337,0.21662125399999999,0.042227757000000005,0.228923885,-0.7480512854525572,-0.1681121759269108,-0.2632807815594154,0.235538058,0.21662125399999999,9.890625,0
338,0.215884644,0.036996186,0.21971291899999998,-0.8829951686660705,-0.39054699535410325,-0.33283268843934716,0.230877193,0.215884644,6.1875,0
339,0.21349829399999998,0.039140896,0.21380035,-0.8476877145899333,-0.40219990245641724,-0.33159623310553044,0.199579685,0.21349829399999998,3.75,0
340,0.218562879,0.037257611,0.22132879,-0.5767157909822945,-0.5640597993551099,-0.35776193648773663,0.216081772,0.218562879,5.578125,0
341,0.20149885399999998,0.036105514,0.2,-0.9355922181207394,-0.2905962666595288,-0.31432787701880893,0.186823529,0.20149885399999998,5.203125,0
342,0.215446567,0.041218548,0.214230769,-0.4034841757870814,-0.4153241965421718,-0.3218211539208398,0.195384615,0.215446567,9.046875,0
343,0.21066062,0.033953625,0.211269177,-0.5906785752508134,-0.5011703426593835,-0.3485338157641282,0.196039052,0.21066062,7.078125,0
344,0.21105379,0.040258382999999995,0.216034483,-0.873905320004703,-0.4048749010924286,-0.3331160238064545,0.21724137899999998,0.21105379,14.625,0
345,0.209199092,0.041990430999999995,0.20987013,-0.6528872775294716,-0.4388878014923351,-0.33834470112924886,0.205194805,0.209199092,6.8203125,0
346,0.209167732,0.043454095,0.21361227300000002,-0.533305470891055,-0.4640573043060025,-0.3390721441309376,0.21009762899999998,0.209167732,8.1328125,0
347,0.213308529,0.041785151,0.22,-0.6617982662811833,-0.4091159907633419,-0.33024767706544983,0.203461538,0.213308529,6.3515625,0
348,0.211979382,0.043073094000000006,0.21598603800000002,-0.4912089798874168,-0.5473362415289172,-0.35423941364821965,0.239441536,0.211979382,10.1484375,0
349,0.208815301,0.038978815,0.209896296,-0.8700401032079497,-0.3336801225167291,-0.31884526704336125,0.19745185199999998,0.208815301,8.8359375,0
350,0.205611475,0.038845066,0.20384615399999997,-0.6375813229208637,-0.42980063778252947,-0.3363707681745869,0.192692308,0.205611475,8.859375,0
351,0.20206818,0.036540342999999996,0.201694915,-0.7752211383398675,-0.38049408205867236,-0.32877411423580544,0.22,0.20206818,9.3046875,0
352,0.21008216300000002,0.042386481,0.212615845,-0.6003449018678854,-0.5010659719027132,-0.34542170305499686,0.19294469399999997,0.21008216300000002,8.296875,0
353,0.20878841199999998,0.039870616,0.20060975600000003,-0.4738708392177522,-0.3725732229530737,-0.3196554250469141,0.19506097600000002,0.20878841199999998,7.1015625,0
354,0.204749912,0.037008109,0.210096552,-0.795887790149196,-0.30950461130260837,-0.314447009904351,0.192717241,0.204749912,5.953125,0
355,0.19907890600000003,0.039215117,0.201004431,-0.7765873115502901,-0.32829531693832253,-0.31270034459535906,0.186528804,0.19907890600000003,9.2578125,0
356,0.21214071399999998,0.043329139,0.21201820899999999,-0.5055579227428583,-0.5153003667215679,-0.34863957696993303,0.20649468899999998,0.21214071399999998,7.59375,0
357,0.214283821,0.042744181,0.220824742,-0.5278976975606279,-0.5479798870073092,-0.35570685709369715,0.237783505,0.214283821,11.1796875,0
358,0.21088250600000003,0.042352953,0.21569186899999998,-0.5602206761271268,-0.5136224962638515,-0.3480767327662212,0.21649072800000002,0.21088250600000003,17.296875,0
359,0.214413894,0.058021357,0.226703448,-0.3743904350238613,-0.49479446575633684,-0.3470104733013344,0.259144828,0.214413894,5.484375,0
360,0.207049945,0.039536642000000004,0.205663717,-0.5593155887363743,-0.41873796122271423,-0.3311611772477051,0.18782300899999999,0.207049945,8.6953125,0
361,0.21039528899999999,0.046676765,0.211153846,-0.5649304928399053,-0.4470072595376139,-0.33773189536815174,0.199615385,0.21039528899999999,5.71875,0
362,0.214594349,0.041534962,0.219947368,-0.7381878603361214,-0.45419165009156653,-0.34113764908418115,0.203736842,0.214594349,7.5234375,0
363,0.211271213,0.045565771,0.215223881,-0.7464973534118389,-0.5011577420088656,-0.3476487498464749,0.213134328,0.211271213,5.2734375,0
364,0.20293213100000002,0.038613605,0.20423529399999998,-0.7713918320459799,-0.3925680332410748,-0.32865582574853,0.18735294100000002,0.20293213100000002,5.390625,0
365,0.212578362,0.039312968999999996,0.21078149899999998,-0.4612263334971549,-0.3444925132091019,-0.3116340180804786,0.194258373,0.212578362,10.6875,0
366,0.231192665,0.037091703,0.235671343,-0.9100988253371107,-0.36595449895822335,-0.32316646559570034,0.233426854,0.231192665,5.1328125,0
367,0.217736973,0.04128573,0.224667802,-0.6668176772825478,-0.41430582005880956,-0.3346192584193681,0.228960818,0.217736973,4.4765625,0
368,0.221780125,0.039591133,0.221347905,-0.32683393150707685,-0.5554282085672132,-0.356099429027807,0.185136612,0.221780125,5.34375,0
369,0.21675553600000003,0.041038126,0.220068493,-0.5414875876711024,-0.3999814469948275,-0.3300032423085488,0.195616438,0.21675553600000003,11.7890625,0
370,0.19559510100000002,0.061249985,0.212464789,-0.7197825208063096,-0.0521394778385302,-0.2361184384480072,0.217887324,0.19559510100000002,8.1328125,0
371,0.206082608,0.03475859,0.19759036100000002,-0.7587633191969102,-0.10028106190897464,-0.24409869768278597,0.19277108399999998,0.206082608,1.3828125,0
372,0.21211966,0.042586222,0.21047945199999998,-0.3804836141357513,-0.4239995980293023,-0.331584937453014,0.185068493,0.21211966,7.21875,0
373,0.218444565,0.039912414,0.22371621600000002,-0.6544895449811189,-0.40638135975381073,-0.33668229009059947,0.246418919,0.218444565,5.2265625,0
374,0.231190544,0.030978052000000002,0.2340625,-0.8347224069778684,-0.4860734234664281,-0.3483275841583975,0.243359375,0.231190544,3.984375,0
375,0.20653448100000002,0.039592157999999995,0.20381982,-0.7319183398770209,-0.2554488764896728,-0.2880983308040721,0.190198198,0.20653448100000002,8.15625,0
376,0.206353485,0.039582484,0.20389534899999998,-0.6694951400301065,-0.3342019401340783,-0.3107919139315938,0.199825581,0.206353485,17.3203125,0
377,0.227335359,0.033010964,0.23600000000000002,-0.9071966648433922,-0.23538668201759325,-0.2933218490032671,0.237,0.227335359,8.6015625,0
378,0.221791813,0.039241245,0.22807418,-0.5602206761271268,-0.4705862753578069,-0.3428014918585084,0.194921541,0.221791813,9.1171875,0
379,0.22123949,0.036979697,0.22638297899999998,-0.682580184298424,-0.4628961762853359,-0.3392730321993667,0.23325695600000002,0.22123949,18.8203125,0
380,0.216632076,0.042032997,0.217922481,-0.9747162597504155,-0.2577866903146051,-0.29833337231112356,0.21227907,0.216632076,8.9296875,0
381,0.224902136,0.037558504,0.22143426300000002,-0.5861886500275285,-0.37069517211502945,-0.32318743895739166,0.208605578,0.224902136,5.8359375,0
382,0.226824492,0.037871424,0.2288,-0.4608514244891544,-0.4480930657153827,-0.33693035537807114,0.202133333,0.226824492,9.5859375,0
383,0.192547293,0.065155034,0.199926199,0.030603850786582447,-0.5502634208540245,-0.3483776212719131,0.19036900399999998,0.192547293,4.0,0
384,0.1733723,0.073989232,0.190638298,0.4818083845347261,-0.462697386825232,-0.33588584667282745,0.062367020999999995,0.1733723,1.0625,0
385,0.148297195,0.07649604,0.171785095,1.3957747992840848,-0.39421273151466596,-0.3226166825949826,0.010918543999999999,0.148297195,5.71875,0
386,0.182471413,0.065417009,0.203229605,-0.2875999336386439,-0.2786492086550133,-0.29595543338090036,0.215004205,0.182471413,5.15625,0
387,0.18259729600000002,0.06473187700000001,0.19237490100000001,-0.23219592535068798,-0.3411481863878328,-0.31326033259739827,0.18792692600000002,0.18259729600000002,2.09375,0
388,0.18179120899999998,0.065043874,0.194462002,-0.17820644667210447,-0.5000788933739484,-0.3434265161354961,0.18877351399999998,0.18179120899999998,4.5625,0
389,0.186687312,0.051522545,0.196925827,-0.9276219963944219,-0.13156833109655391,-0.27120184724698,0.197426273,0.186687312,4.9140625,0
390,0.176745787,0.066280694,0.188940678,-0.36257531290451583,-0.3661685864642732,-0.3216360794998755,0.18508474600000002,0.176745787,5.1875,0
391,0.164252751,0.061507478,0.178439547,-0.5568004683264345,-0.2542929562002998,-0.25091670618773865,0.0,0.164252751,1.0625,0
392,0.18037373399999998,0.065184164,0.190067265,0.1946273498256016,-0.2765218313003254,-0.2154440483567421,0.0,0.18037373399999998,0.59375,0
393,0.168980689,0.070064793,0.19175531899999998,-0.0847565303732364,-0.2642653515154252,-0.22848155317716257,0.0,0.168980689,0.453125,0
394,0.161249762,0.06290861,0.1676951,-0.3632983921825561,-0.2939139588639853,-0.2686287957604718,0.0,0.161249762,6.5078125,0
395,0.1564516,0.063942481,0.161854714,-0.2362612209456986,-0.08080384681428898,-0.12644590523242244,0.0,0.1564516,2.0625,0
396,0.159796975,0.068731785,0.164830805,0.12905317650339537,0.09371491142697054,0.040657071241399924,0.0,0.159796975,0.359375,0
397,0.157165092,0.067953223,0.169358752,0.07683957818102057,-0.1580362877026263,-0.1737717318343866,0.0,0.157165092,0.2109375,0
398,0.168690984,0.067690519,0.178293755,-0.28636105277180984,-0.31801790102034094,-0.2751884982354023,0.0,0.168690984,1.0390625,0
399,0.177761358,0.061023812000000004,0.189946397,-0.2767935377546743,-0.4694772158248794,-0.3313920428345688,0.0,0.177761358,0.59375,0
400,0.18789275100000002,0.033067231,0.18791778399999998,-0.8435949037002082,-0.4082880253405564,-0.33527769518701916,0.193172475,0.18789275100000002,3.75,0
401,0.20594529399999997,0.036712371,0.204132554,-0.43137274244419344,-0.5346283004985748,-0.34999734331775023,0.19521767399999998,0.20594529399999997,5.015625,0
402,0.190773308,0.036379682999999996,0.185065752,-0.6472644189662173,-0.3728148327869027,-0.32054141644436496,0.17305889100000002,0.190773308,6.328125,0
403,0.19291087,0.036370754,0.190224643,-0.26568331928772226,-0.42313561611339445,-0.3340600454251723,0.16182437,0.19291087,0.6796875,0
404,0.221302377,0.038196783,0.22795626600000002,-0.40622021609951303,-0.3569754305841996,-0.3140677059866143,0.23148864600000002,0.221302377,4.9765625,0
405,0.185824479,0.034470354,0.18260040800000002,-0.681729036120041,-0.40982878892602226,-0.33432514221144,0.158774677,0.185824479,4.8359375,0
406,0.20221642899999998,0.035096342,0.203185841,-0.6737281508959522,-0.4638807643781885,-0.341769803452095,0.191940095,0.20221642899999998,6.0,0
407,0.207088517,0.040113394,0.21351819800000002,-0.3763852624086466,-0.5170828498501712,-0.3475639878795632,0.223951473,0.207088517,4.375,0
408,0.19740429199999998,0.030970032,0.198732132,-0.7360445007311257,-0.39621066520960824,-0.3271032801789978,0.196295836,0.19740429199999998,3.3515625,0
409,0.18095417100000002,0.037146465,0.175718475,-0.7995484367113311,-0.30188275228525674,-0.31040067923280024,0.162785924,0.18095417100000002,5.9453125,0
410,0.167043881,0.06611151,0.168261377,-0.2858092147520283,-0.13872208593175103,-0.20833657961375351,0.0,0.167043881,0.5078125,0
411,0.157235618,0.058004165,0.163411148,-0.7151047737886678,-0.13700037449226285,-0.2232772273279948,0.0,0.157235618,2.1875,0
412,0.15268447,0.070929585,0.171256777,-0.03725407100892387,-0.19849421267161887,-0.20024288748808564,0.0,0.15268447,0.703125,0
413,0.17903981600000002,0.064962356,0.189334799,0.1544464144537837,-0.41608181476433315,-0.2943332387927151,0.0,0.17903981600000002,0.234375,0
414,0.138869486,0.100841025,0.20724269399999998,2.862726501972896,4.285997307623068,4.894412724458585,0.0,0.138869486,0.65625,0
415,0.134838246,0.10023855599999999,0.202386576,2.759263096211894,4.392982816079905,5.083875921062461,0.0,0.134838246,0.0,0
416,0.132349846,0.092796296,0.150634495,2.218142755952162,3.5531721502004197,3.4528326226050408,0.0,0.132349846,0.0,0
417,0.12145590199999999,0.0999992,0.159258114,2.7974322248904415,3.930736524384784,4.111578212690848,0.0,0.12145590199999999,0.0,0
418,0.13432471,0.09965683,0.198357588,2.7580273005840557,4.94642653825864,6.262200650713589,0.0,0.13432471,0.8203125,0
419,0.172439503,0.060091877,0.171061093,-0.20865326412103163,-0.374266860749551,-0.31814775082136143,0.163678457,0.172439503,1.391601563,0
420,0.176208003,0.062207560999999995,0.169820836,0.2203767125057529,-0.44450349429052816,-0.33186636110871637,0.158301261,0.176208003,3.291015625,0
421,0.17389844100000001,0.062069003,0.16880733899999997,0.16742849149413008,-0.43328405818357474,-0.3285158328962107,0.059082569,0.17389844100000001,1.235351563,0
422,0.16874112,0.055881045,0.171220447,-0.46135209371525604,-0.41860520448028554,-0.3307376916951121,0.17139936100000003,0.16874112,1.166992188,0
423,0.171986256,0.053923985,0.17233548399999998,-0.5531084446738351,-0.2557743789898243,-0.2853150398587613,0.163122581,0.171986256,3.793945313,0
424,0.17926624800000002,0.061599368,0.17322813899999998,0.3160558084249395,-0.551009242383787,-0.3517053415847778,0.145430638,0.17926624800000002,3.408203125,0
425,0.17660938399999998,0.053990199,0.18147453100000002,-0.4904184660999039,-0.47160692355063644,-0.34237448323086694,0.157453083,0.17660938399999998,3.217773438,0
426,0.179049873,0.057881086,0.184926764,-0.2940725971469766,-0.5252678472673229,-0.34794215885829705,0.20021304899999998,0.179049873,3.881835938,0
427,0.16656152,0.057375962,0.159472643,-0.430532025311938,-0.27239532158132607,-0.3003123752598674,0.159841793,0.16656152,1.357421875,0
428,0.17417327300000002,0.06518358,0.15851953400000002,0.3312403893117049,-0.28841666196356053,-0.2964528746736519,0.151034955,0.17417327300000002,3.491210938,0
429,0.17342767,0.06406244900000001,0.160396776,0.303901897680663,-0.3015668451965675,-0.3015829832948614,0.15640421599999998,0.17342767,3.80859375,0
430,0.170398548,0.058783699,0.163681592,-0.3042870678922441,-0.35364138338670503,-0.32086955735847117,0.162462687,0.170398548,3.740234375,0
431,0.1646239,0.050922475999999994,0.163169329,-0.6716346378393526,-0.1656736127907481,-0.2597991241096451,0.158696486,0.1646239,3.432617188,0
432,0.180879713,0.056530668,0.183861055,-0.2270417922465212,-0.5138384569611706,-0.3447398251193643,0.159545758,0.180879713,3.315429688,0
433,0.176861856,0.057037368,0.179082569,-0.3177991344231591,-0.5045302099599444,-0.34522592752789194,0.18293578,0.176861856,3.071289063,0
434,0.175052299,0.054395527,0.17509383399999998,-0.5298061802295808,-0.3970279299948215,-0.3242946624522975,0.17096514699999998,0.175052299,3.2421875,0
435,0.170190098,0.059224427,0.161058965,-0.1682213540015413,-0.3014811096215133,-0.30748483099630747,0.162406739,0.170190098,1.357421875,0
436,0.179392258,0.058349045,0.17595222300000002,-0.04479374448522058,-0.506962578673209,-0.34219944578052836,0.15811546099999998,0.179392258,1.259765625,0
437,0.16813626899999998,0.060432007999999995,0.170221923,-0.2852766017589124,0.04595479735094639,-0.09382961930720392,0.059125757,0.16813626899999998,1.313476563,0
438,0.16994319,0.05595476,0.16871111100000002,-0.6063683797641024,-0.31337739592308167,-0.31226513405391026,0.162311111,0.16994319,1.3671875,0
439,0.173242103,0.063122206,0.15866088,0.17274303603804092,-0.3085972677342419,-0.30534351749415,0.146509609,0.173242103,3.857421875,0
440,0.172076791,0.062269213,0.161911357,0.08226349129911789,-0.35156042172167795,-0.30474450691461524,0.058753463,0.172076791,3.696289063,0
441,0.179889196,0.067809807,0.163095723,0.7441601503890222,-0.42838694526323007,-0.33214860600678486,0.156252546,0.179889196,3.955078125,0
442,0.177195443,0.06766908599999999,0.162105263,0.719726379790184,-0.40007102949044615,-0.32656895352937154,0.146794258,0.177195443,3.881835938,0
443,0.17837518,0.060787688,0.16962963,0.11344300053941819,-0.46796251425669627,-0.3407299587868095,0.27851851899999996,0.17837518,1.274414063,0
444,0.180848857,0.061373099,0.169343434,0.20813641506960293,-0.3502075457096497,-0.3166838123788421,0.163510101,0.180848857,3.715820313,0
445,0.176195335,0.057774365999999994,0.17024154600000002,-0.21945877850814538,-0.3752344053109765,-0.3229954855062458,0.17004830899999998,0.176195335,1.4453125,0
446,0.177797924,0.057076088,0.17378016100000002,-0.42345937726507804,-0.2860184015974482,-0.3058123048089586,0.17171581800000002,0.177797924,3.525390625,0
447,0.17352551800000002,0.054533765,0.1696,-0.5056258819528402,-0.33109583479021815,-0.31426927972913365,0.1584,0.17352551800000002,1.333007813,0
448,0.169198882,0.065661026,0.160159257,0.15018454505991893,-0.1610738809676557,-0.21738598348342691,0.059084273,0.169198882,1.337890625,0
449,0.16946591100000002,0.060805776,0.167030626,-0.235384383430374,0.11395322187133428,-0.04173819610082352,0.059094540999999993,0.16946591100000002,1.38671875,0
450,0.171662378,0.051638882000000004,0.173928096,-0.7244527751006765,-0.2739364265807758,-0.29884149556706857,0.176351531,0.171662378,2.939453125,0
451,0.16920446600000003,0.056042567,0.168379544,-0.44984402633403103,-0.4518246101567546,-0.3388035082012481,0.156820702,0.16920446600000003,3.461914063,0
452,0.17050016899999998,0.058325337000000005,0.17441138399999997,-0.4060635615154164,-0.4417801816823411,-0.33671353797651266,0.144346701,0.17050016899999998,3.73046875,0
453,0.16738234300000002,0.056549604,0.166284953,-0.4623121067553363,-0.435416166535889,-0.33312183318306815,0.157150466,0.16738234300000002,1.235351563,0
454,0.172461065,0.05925775900000001,0.17450901800000002,-0.274149173115251,-0.5035876256505534,-0.3446209838767316,0.163660655,0.172461065,3.505859375,0
455,0.173861302,0.059808629,0.167400881,-0.1413650621386685,-0.3235914881127021,-0.29419442703484,0.158237885,0.173861302,1.137695313,0
456,0.17765541699999998,0.060748126,0.172141479,0.12769495775269593,-0.45653341864289804,-0.3324263775436623,0.159536977,0.17765541699999998,1.264648438,0
457,0.17417981899999999,0.055364091,0.173569482,-0.3528727399762518,-0.5107530801009854,-0.34629097699623795,0.17986376,0.17417981899999999,3.662109375,0
458,0.166422105,0.052697985,0.166965699,-0.6933846702725392,-0.226889745216382,-0.28737980254809514,0.158654354,0.166422105,3.837890625,0
459,0.17318363899999997,0.053766351,0.174956737,-0.540853224755197,-0.43724895657374424,-0.33397910328762814,0.18032138399999997,0.17318363899999997,3.798828125,0
460,0.172260377,0.061117903,0.167037037,-0.053683829168636406,-0.40765533020089145,-0.32834755299451396,0.058703704,0.172260377,1.430664063,0
461,0.177547911,0.064796664,0.16817834399999998,0.463441369130123,-0.5323010829662415,-0.348730304056899,0.146063694,0.177547911,3.959960938,0
462,0.17272970699999998,0.063846471,0.16757575800000002,0.1747463845590993,-0.4211520764873827,-0.32702221442372004,0.145656566,0.17272970699999998,1.352539063,0
463,0.172704126,0.051597298,0.174773609,-0.5543101137805401,-0.35532048314241477,-0.3110125188436169,0.160284605,0.172704126,3.88671875,0
464,0.174672402,0.059903052000000005,0.175818303,-0.2309674125659207,-0.25610489472085496,-0.2199861134634608,0.058917835999999994,0.174672402,3.920898438,0
465,0.17090428100000002,0.063667143,0.172077488,-0.07001718935075585,0.5518787275009339,0.34030260274700314,0.059104875999999994,0.17090428100000002,3.813476563,0
466,0.172119568,0.056127459000000005,0.17396129,-0.4317841496196302,-0.4747424183570376,-0.3416095267981708,0.158787097,0.172119568,1.196289063,0
467,0.17405192,0.058606714000000004,0.169800643,-0.22754921961518432,-0.3637799876120772,-0.3213913800205244,0.171241158,0.17405192,3.994140625,0
468,0.175361287,0.065615589,0.164980027,0.37888550425052264,-0.42221386428656543,-0.3267161328913201,0.15882822900000002,0.175361287,3.30078125,0
469,0.173037855,0.063109271,0.165428376,0.18220961966518204,-0.30342469377492304,-0.2949812785003073,0.163701165,0.173037855,3.803710938,0
470,0.170781834,0.057841825,0.173536828,-0.5400386167202911,-0.32317012944030626,-0.31377624561972056,0.175209025,0.170781834,3.432617188,0
471,0.189334115,0.042641204,0.19354581699999998,-1.206631324381606,-0.04608044055329516,-0.24215123174579894,0.195219124,0.189334115,0.5908203129999999,0
472,0.19714810300000002,0.041790644,0.204032358,-1.1555657917618924,-0.17724491451008345,-0.28922939083947147,0.205252022,0.19714810300000002,0.6201171879999999,0
473,0.20517652100000003,0.046888899000000005,0.212767442,-1.0726603618407051,-0.1535393657876822,-0.2721275499926699,0.210325581,0.20517652100000003,0.8251953129999999,0
474,0.210029435,0.049631287999999996,0.222348178,-1.10237675420446,-0.20983535741293752,-0.2935659012655384,0.221052632,0.210029435,0.64453125,0
475,0.19662343899999998,0.039683394,0.19958875899999998,-1.0342036762949673,-0.23602309948680983,-0.2977257687121375,0.20016449600000003,0.19662343899999998,3.45703125,0
476,0.202836708,0.040050075,0.207027027,-0.9716733745800673,-0.2577725783058841,-0.301153345183617,0.193513514,0.202836708,3.69140625,0
477,0.201203572,0.042216812,0.20653211,-1.0869747794026259,-0.16997871369015335,-0.2766099262532578,0.204819572,0.201203572,3.676757813,0
478,0.216258075,0.049945627,0.225874207,-0.8558832007389611,-0.40794470667165506,-0.33634995418841784,0.22118869,0.216258075,3.779296875,0
479,0.19388896600000002,0.041656349,0.197947333,-1.2522873416652014,-0.03428776898320945,-0.24095938330398595,0.19643484100000003,0.19388896600000002,0.5810546879999999,0
480,0.193070343,0.039391484,0.19626837100000002,-1.1259950982355973,-0.1775594178733614,-0.2845825115839602,0.196805112,0.193070343,0.5859375,0
481,0.207916135,0.043255802,0.21501193300000002,-1.0283661732473142,-0.2516678310006417,-0.3047101070718088,0.20448687399999999,0.207916135,0.64453125,0
482,0.20900364800000001,0.043100122000000005,0.210294648,-0.9076131511197603,-0.25124489486758883,-0.29682786425244745,0.20827420300000002,0.20900364800000001,0.6298828129999999,0
483,0.194306326,0.041036966,0.19743842399999997,-1.1029125363886527,0.041622016481522014,-0.20106015046158657,0.19152709399999998,0.194306326,1.03515625,0
484,0.20286050600000002,0.040071737999999996,0.210312699,-1.0627919625634399,-0.24588226856598447,-0.30112711520618923,0.196553925,0.20286050600000002,1.416015625,0
485,0.199042986,0.042386507000000004,0.20275274100000001,-0.9708765224104005,-0.18177108572267908,-0.2719993317142969,0.194226553,0.199042986,1.284179688,0
486,0.217799975,0.045799148,0.22426384,-0.754891365245616,-0.4165629310934341,-0.3341429469934922,0.232673734,0.217799975,0.6103515629999999,0
487,0.184984087,0.039843977,0.18473029,-1.232699662995452,0.21730142306804884,-0.13462502342187765,0.1806639,0.184984087,0.5859375,0
488,0.19885776800000002,0.040789605,0.204869565,-1.04316253872116,-0.20348500990059382,-0.28936963539284166,0.188521739,0.19885776800000002,0.654296875,0
489,0.21124792,0.046846543,0.21826643399999998,-1.0279357719134359,-0.21416759146624986,-0.2842206363590923,0.213868528,0.21124792,0.5810546879999999,0
490,0.2104984,0.047339294000000004,0.218028818,-0.992176970459084,-0.09541105376347289,-0.23851079712880105,0.217544669,0.2104984,0.6787109379999999,0
491,0.178193999,0.04288014,0.180881543,-1.0681048280657206,-0.15252251208336592,-0.2767304728907056,0.16719008300000002,0.178193999,0.5712890629999999,0
492,0.19228104699999998,0.041969955999999996,0.197155556,-1.2406729909487855,-0.11462865043168229,-0.272202569700919,0.19146666699999998,0.19228104699999998,0.595703125,0
493,0.20610710100000001,0.042296009,0.21075449100000002,-0.9033006796087658,-0.33509096051749,-0.32075532910793775,0.19935329300000001,0.20610710100000001,0.8544921879999999,0
494,0.209337467,0.045684065999999995,0.21609756100000002,-1.0834619094919675,-0.0865911742882947,-0.245966625392187,0.216260163,0.209337467,0.634765625,0
495,0.19248688100000003,0.039217801000000004,0.197374005,-1.1993031471866518,-0.12176141669946533,-0.2653056579754834,0.199045093,0.19248688100000003,0.615234375,0
496,0.20647419600000003,0.036386519,0.211982379,-0.8477460193105416,-0.31087946516930137,-0.31788305210682744,0.231189427,0.20647419600000003,0.6005859379999999,0
497,0.20965621399999998,0.042991082,0.21621495300000002,-1.176804451078585,-0.12729622726168355,-0.2659327508940911,0.21474299100000002,0.20965621399999998,0.625,0
498,0.229854476,0.041509037,0.23741632399999998,-0.5812599702382549,-0.4435526942420989,-0.3369928280105566,0.259776864,0.229854476,0.615234375,0
499,0.19535984,0.040509729,0.200210112,-1.179682622265012,-0.14198951344946548,-0.27160692718713614,0.197268549,0.19535984,0.732421875,0
500,0.205074383,0.035034644,0.20879541100000001,-1.1121141252705093,-0.19287702633865939,-0.28221145903639994,0.207546208,0.205074383,0.634765625,0
501,0.212271472,0.037770192,0.21563981,-1.1191657223329308,-0.1504133696616655,-0.27216969555320375,0.21547393399999998,0.212271472,0.6298828129999999,0
502,0.20889360199999998,0.040650652,0.210625,-0.9740959797961835,-0.22640745738567433,-0.28844517395797703,0.20734375,0.20889360199999998,0.68359375,0
503,0.185940217,0.042808291,0.193637621,-1.1229697800383045,-0.15948524691941113,-0.2803188952703908,0.20041493800000001,0.185940217,0.5859375,0
504,0.19863752699999998,0.050099055,0.209653465,-0.7614234248516167,-0.3894295617477253,-0.3285827347584391,0.21589108899999998,0.19863752699999998,0.8203125,0
505,0.195145685,0.045034619000000005,0.202031824,-1.021950009489837,-0.2551460249817414,-0.30247892659605297,0.19226438199999998,0.195145685,0.5908203129999999,0
506,0.21737834399999997,0.053696065,0.22977286,-0.7021692481775184,-0.38343016514207756,-0.32591102426509383,0.207594642,0.21737834399999997,0.7568359379999999,0
507,0.19752335699999998,0.045665864,0.203902439,-1.1523981747864414,-0.13849170261339422,-0.27568113303662833,0.198634146,0.19752335699999998,0.6201171879999999,0
508,0.193757149,0.047777833,0.204768041,-1.1034454642020746,-0.23155382241414102,-0.2993534264368847,0.21072164899999998,0.193757149,0.64453125,0
509,0.196158955,0.04434865,0.202956522,-1.0614129866605873,-0.19301549990510358,-0.2804810767689881,0.204869565,0.196158955,0.625,0
510,0.22372384399999998,0.052216978,0.235454545,-0.7951266595902114,-0.37759929639690315,-0.32470546136445727,0.217870813,0.22372384399999998,0.7763671879999999,0
511,0.192752288,0.045596505999999995,0.197940975,-1.1262528311258309,-0.13734087619297247,-0.27078123960575134,0.19813315,0.192752288,0.5859375,0
512,0.20124331899999998,0.045285794000000004,0.209043478,-0.9884111739148582,-0.2737907201599501,-0.30566000356604733,0.21234782600000002,0.20124331899999998,0.654296875,0
513,0.200066259,0.044351362000000005,0.20693430699999998,-1.0859778274466816,-0.2216003915816003,-0.2943934465628529,0.203868613,0.200066259,0.625,0
514,0.21978716,0.052326714,0.229518841,-0.7333915310033478,-0.4508499182242259,-0.33929627698102427,0.214910145,0.21978716,0.8935546879999999,0
515,0.19763761100000002,0.040748079,0.1997045,-1.0684337103450336,0.023940995410316458,-0.19928539044898838,0.19519140399999999,0.19763761100000002,0.7958984379999999,0
516,0.205813435,0.042649687,0.213778047,-0.9234754351845105,-0.329220297748901,-0.3209772525539205,0.220400243,0.205813435,0.6689453129999999,0
517,0.187973152,0.044827768,0.19593052100000002,-1.1240034400418888,-0.10819893359895431,-0.25738212307957886,0.18898263,0.187973152,0.7763671879999999,0
518,0.209162508,0.044451182,0.21606557399999998,-0.8215242582677372,-0.39448893871537255,-0.33168327785784313,0.212295082,0.209162508,0.6787109379999999,0
519,0.18974869,0.041585802000000005,0.193026052,-1.082825867534432,-0.18745357833849174,-0.28567594137663177,0.19489646,0.18974869,0.6005859379999999,0
520,0.199317114,0.040592707,0.20285362899999998,-0.9470300176097413,-0.3182436884877116,-0.3163310923181002,0.19011070100000002,0.199317114,0.60546875,0
521,0.194847675,0.044657540999999995,0.201606817,-0.9390427536108772,-0.26524990638400775,-0.30081141715249454,0.20484479600000002,0.194847675,0.634765625,0
522,0.21280622100000002,0.045819917,0.21693841600000002,-0.9270768115771,-0.23271334476812958,-0.28850616941512464,0.213489736,0.21280622100000002,0.68359375,0
523,0.162152344,0.057422210999999994,0.166882793,-0.8763688728485756,0.38254210523314247,-0.05846550480136281,0.165660848,0.162152344,0.791015625,0
524,0.162246938,0.058515922000000005,0.16674359,-0.8006421014651743,0.41616408437204644,-0.04060571232253385,0.165307692,0.162246938,0.8251953129999999,0
525,0.15925081,0.059957355,0.167599219,-0.7854879951839966,0.48826960490903065,0.023266871152014385,0.16741704599999999,0.15925081,0.5810546879999999,0
526,0.165500593,0.057696813,0.172496863,-0.90527430909297,0.23829725759914214,-0.09780414355879606,0.17126725199999998,0.165500593,3.461914063,0
527,0.158539556,0.057878343,0.16710828,-0.8503819677537936,0.22376456420865992,-0.10553905992794141,0.16621656099999998,0.158539556,3.520507813,0
528,0.155110263,0.05603082,0.164944116,-0.9705470944425577,0.232392430590488,-0.11003859589759987,0.163287311,0.155110263,3.354492188,0
529,0.163556552,0.053996047,0.16906962399999997,-1.0110763679885786,0.18951602621051608,-0.13526562834663575,0.16975970399999998,0.163556552,3.481445313,0
530,0.160150247,0.057168132999999996,0.166031949,-0.9870584330374771,0.11371781251691107,-0.17931743593453542,0.162990415,0.160150247,3.681640625,0
531,0.161652754,0.057434735,0.170137672,-1.0245877419148213,0.41296620251944016,-0.03993852414796788,0.17101376699999998,0.161652754,3.80859375,0
532,0.164150259,0.054890472,0.16833667300000002,-1.0671234072448554,0.3640576929320893,-0.05108229631239176,0.166279225,0.164150259,3.442382813,0
533,0.161119887,0.055743743,0.16846105100000003,-1.0181713263010999,0.5026695405188256,0.023292773855701412,0.16686510400000001,0.161119887,3.583984375,0
534,0.15794598099999999,0.055849603,0.166619079,-1.1116425874166915,0.21634171164742638,-0.130578784214754,0.167164179,0.15794598099999999,3.764648438,0
535,0.16397663,0.054199482,0.17362134699999998,-1.0985956783813995,0.35146414773583073,-0.03707831487616055,0.17290978399999998,0.16397663,0.01953125,0
536,0.161113749,0.053871428,0.170979883,-1.1345237482200947,0.17622462840878256,-0.14337794256343114,0.170071382,0.161113749,0.15625,0
537,0.16115553300000002,0.053654518,0.168729076,-1.0696228705915936,0.30388114532193466,-0.08178785232263908,0.167513949,0.16115553300000002,0.063476563,0
538,0.157410486,0.057644567,0.165428764,-0.9269092432224072,0.281457439814281,-0.086120349243276,0.16523970300000002,0.157410486,0.595703125,0
539,0.162167585,0.058125666,0.171253264,-0.9670919835639777,0.3595113448971367,-0.06378387470263716,0.171801567,0.162167585,0.5322265629999999,0
540,0.16381372,0.055455125,0.165957973,-0.973066370480532,0.29269122499896594,-0.09761259425125293,0.16578492,0.16381372,0.5126953129999999,0
541,0.15416333699999998,0.056212985,0.161123449,-1.0242826810386367,0.6154735567349756,0.07169460083988388,0.16148922300000002,0.15416333699999998,0.625,0
542,0.159099209,0.05971318,0.167354138,-0.7644382490387206,0.3634154272991645,-0.0469792012276311,0.167544098,0.159099209,0.60546875,0
543,0.155964202,0.058991506,0.164256976,-0.9057121191980414,0.4749065305897832,0.01253846969697805,0.164256976,0.155964202,0.517578125,0
544,0.160722933,0.054053353,0.16822656800000002,-1.0545656869885187,0.14110688882346534,-0.1691597183548318,0.165394471,0.160722933,0.5224609379999999,0
545,0.16141445699999998,0.058721152,0.168799481,-0.8790174141040539,0.4154433480314175,-0.0341541504422455,0.168799481,0.16141445699999998,0.6494140629999999,0
546,0.161496104,0.058041653,0.17334186899999998,-1.0386338066481973,0.24154642457349418,-0.11879732924014294,0.174058899,0.161496104,0.68359375,0
547,0.168130903,0.053422924000000004,0.16983299899999998,-0.8826195040893363,0.16157874685182583,-0.16300501307704213,0.16889779600000002,0.168130903,0.17578125,0
548,0.16233609,0.05559449,0.168104738,-0.9752899672874304,0.44458737908228846,0.0018731477301374988,0.165660848,0.16233609,0.2734375,0
549,0.16015518,0.05371998099999999,0.166205128,-1.1472135041126255,0.1805626531755027,-0.1397437084838896,0.163871795,0.16015518,0.17578125,0
550,0.163945656,0.054090695999999994,0.17087275100000002,-1.1114977700760877,0.6752795372756345,0.1428324836202663,0.16919387100000002,0.163945656,0.0390625,0
551,0.158527251,0.057011594000000006,0.16550458699999998,-0.9994284154515386,0.5864461039374301,0.08636406988576169,0.165321101,0.158527251,0.043945313,0
552,0.166737617,0.05267745,0.16942675199999999,-1.0001054260248508,0.5136014200490183,0.0437786382646047,0.16746496800000002,0.166737617,0.053710938,0
553,0.16081668,0.055692532999999995,0.164760026,-0.9048646649112451,0.42442264205360897,-0.006084419053310151,0.162550953,0.16081668,0.043945313,0
554,0.157323854,0.05839815,0.171694696,-0.827996082255255,0.10149481431715116,-0.15763205668678082,0.171513583,0.157323854,0.6640625,0
555,0.164310868,0.053803364000000006,0.17387387399999998,-1.1418465105057916,0.05992480623360978,-0.19933155564202001,0.17369369399999998,0.164310868,0.6787109379999999,0
556,0.159183719,0.057232986,0.170284302,-0.9585381899310681,0.4220925514871282,-0.025734712534009257,0.17080346100000002,0.159183719,0.390625,0
557,0.15181851400000002,0.06028012,0.16510101,-0.7490445015408744,0.41881168198347307,-0.014409580431060843,0.166338384,0.15181851400000002,0.6396484379999999,0
558,0.160953635,0.058047327999999995,0.170126582,-0.868758238875383,0.06756276742806938,-0.18909479193211592,0.16807461699999998,0.160953635,3.73046875,0
559,0.162708821,0.055139108,0.169410205,-1.1450191646061332,0.19131097051692036,-0.14577847497352026,0.167369119,0.162708821,3.798828125,0
560,0.163728076,0.055456653,0.167458065,-0.9663693450343653,0.21984281220536564,-0.13718412523087592,0.16529032300000002,0.163728076,3.764648438,0
561,0.1622738,0.056416561,0.170529032,-1.0118659583031948,0.10434498584069662,-0.18222742995090183,0.171251613,0.1622738,3.818359375,0
562,0.160761109,0.057657731,0.170143541,-0.9874331741413146,0.25207476229221293,-0.12292512540570925,0.16956937800000002,0.160761109,3.774414063,0
563,0.16312093800000002,0.057343198,0.172696774,-1.0156573392442605,0.11400247096827867,-0.18138721056536336,0.17179354800000002,0.16312093800000002,3.53515625,0
564,0.157325711,0.059300467,0.165828643,-0.8668875976071704,0.3542423624120834,-0.04515155921008073,0.164252658,0.157325711,3.662109375,0
565,0.154647747,0.058722934000000004,0.170628019,-0.722360143540933,0.2007093094525734,-0.13065332971003168,0.17198067600000003,0.154647747,3.7890625,0
566,0.158369018,0.057188307,0.16807363600000003,-1.0555478843661377,0.18610832305579142,-0.15128618302843158,0.167153189,0.158369018,3.745117188,0
567,0.162061474,0.054479133,0.16907692300000002,-1.0944743867480222,0.14804015823106023,-0.1564889229606071,0.167282051,0.162061474,3.59375,0
568,0.158406438,0.056386765,0.166031949,-0.9232226554670856,0.46301346392763837,0.014618059338499346,0.165674121,0.158406438,0.024414063,0
569,0.160267623,0.05686816099999999,0.169026549,-0.9969065159110172,0.12066828621294838,-0.1780904580872524,0.167787611,0.160267623,0.64453125,0
570,0.16162899,0.055170647999999996,0.165512737,-0.9551908315491056,0.44212427740006105,0.011230590156318412,0.164598302,0.16162899,0.5078125,0
571,0.1637182,0.056013807,0.165945274,-0.7976621803559578,0.3641471788696729,-0.03834608215962864,0.16420398,0.1637182,0.6396484379999999,0
572,0.163140494,0.053748567000000004,0.167345879,-0.9857961925039632,0.5437017108303267,0.09559084856071769,0.167345879,0.163140494,0.01953125,0
573,0.20928496,0.035754736,0.208437055,-0.5192921894455085,-0.4717702999188149,-0.3381700973649158,0.193007126,0.20928496,8.290283203,0
574,0.21430134899999997,0.040778562000000004,0.21032204100000002,-0.22814511148973798,-0.5621792753854608,-0.3534719844854995,0.20364701,0.21430134899999997,7.407421875,0
575,0.216332054,0.039710649,0.217311535,-0.2421185156965677,-0.5713131920458772,-0.3552504965157279,0.204087193,0.216332054,7.5796875,0
576,0.21139957199999998,0.034361573,0.209568925,-0.5166763265377575,-0.46791006074811897,-0.34005385373585767,0.20280435800000002,0.21139957199999998,8.311816406,0
577,0.22307735899999998,0.03726989,0.230679612,-0.4574824904222439,-0.5133579166924611,-0.3490457243501848,0.20724919100000003,0.22307735899999998,8.376416016,0
578,0.207958855,0.039014738,0.203947488,-0.3580212063149168,-0.5096997068673321,-0.3441678078395128,0.203186962,0.207958855,8.764013672,0
579,0.217027262,0.03999951,0.215402394,-0.16809439746627858,-0.593837584915341,-0.35795562631126954,0.205348741,0.217027262,8.850146484,0
580,0.202575245,0.034812063,0.20290232600000002,-0.7815613884276397,-0.20530597365568454,-0.27656655715591527,0.20407441899999998,0.202575245,20.34887695,0
581,0.20982249,0.038042578,0.209891135,-0.3087715152422105,-0.50087332183781,-0.3437905028197005,0.23805080399999998,0.20982249,7.92421875,0
582,0.212287516,0.03618303,0.20980563300000002,-0.648705183601061,-0.3869382832888152,-0.3189127029871896,0.20391908,0.212287516,8.26875,0
583,0.190512348,0.074727923,0.215462795,-0.4806180050446002,-0.47544866753156256,-0.3422981737251584,0.240871143,0.190512348,5.84375,0
584,0.206927544,0.070170228,0.233603977,-0.7130879089824862,-0.3281603905818397,-0.310439512367982,0.245434963,0.206927544,6.7578125,0
585,0.182237848,0.076138329,0.206618357,0.4199830074602398,-0.32630803888975346,-0.30494995633113753,0.043848631,0.182237848,6.9140625,0
586,0.180979303,0.07995026200000001,0.21706278,1.1202649298625373,-0.3029065946801779,-0.2924403007787783,0.059013453,0.180979303,6.6796875,0
587,0.21232618,0.0712194,0.23974779300000001,-0.3968234176401267,-0.4163523278096669,-0.3327928217782182,0.243160992,0.21232618,5.96875,0
588,0.19338875,0.071863195,0.21420240100000001,-0.5901443671681487,-0.33748857422163714,-0.3146286222670308,0.205877644,0.19338875,6.8203125,0
589,0.19986295399999998,0.07579021700000001,0.22548004300000002,-0.651287717532453,-0.27539370899634746,-0.2950937125135419,0.22215749699999998,0.19986295399999998,6.8515625,0
590,0.207560875,0.070830112,0.22359974,-0.5268348222326782,-0.24972081090396686,-0.29990338950715834,0.277089019,0.207560875,6.5390625,0
591,0.200819859,0.071907892,0.22168784,-0.49394978448047405,-0.4435115401001276,-0.3377830178558561,0.026551724,0.200819859,6.1875,0
592,0.20620714899999998,0.070150758,0.225265957,-0.6943022245473961,-0.35205452424126427,-0.31836913061427063,0.213164894,0.20620714899999998,6.7109375,0
593,0.129773971,0.078814989,0.129618644,1.3555965084028339,-0.44199808288468534,-0.32507890478596296,0.191313559,0.129773971,5.8359375,0
594,0.12183706400000001,0.07944836400000001,0.12105997199999999,1.5444207325889685,-0.4717138368291841,-0.33169674509223923,0.011910738999999998,0.12183706400000001,4.6171875,0
595,0.120183123,0.07871623,0.116197836,1.6030289609599133,-0.5820212185572164,-0.35197611583906435,0.013848532,0.120183123,0.8515625,0
596,0.132017462,0.084652306,0.130812216,1.844443266577952,-0.5656806197610905,-0.34891674379281395,0.02820013,0.132017462,6.1875,0
597,0.13462555199999998,0.084402909,0.15453076400000001,1.875392201426387,-0.5955898908893332,-0.3548368062457737,0.198558111,0.13462555199999998,4.15625,0
598,0.114476673,0.081972759,0.090199005,1.7751976378631158,-0.6019607924579339,-0.3557246324902876,0.009751244000000001,0.114476673,4.265625,0
599,0.11276924099999999,0.074423541,0.094248366,1.2556668556327664,-0.6292544448538413,-0.35830948286581754,0.19901960800000001,0.11276924099999999,4.9296875,0
600,0.126438849,0.079411901,0.127324711,1.634525473259993,-0.5416565016823162,-0.34566232139933667,0.214431586,0.126438849,4.90625,0
601,0.11734950300000001,0.09003497099999999,0.109478199,2.218518147684632,-0.34119488621422,-0.3077915646529613,0.004603288,0.11734950300000001,0.7421875,0
602,0.10479308,0.08520063800000001,0.077885615,1.7522437745571255,-0.37433195384333773,-0.31419976118942616,0.008492201,0.10479308,0.8515625,0
603,0.127633058,0.084931181,0.15889186800000002,1.9450546732139369,-0.5176034613572987,-0.3469565191588679,0.182162645,0.127633058,5.015625,0
604,0.09124998,0.086956484,0.048191365,1.881075316596144,-0.25827888797603954,-0.3055026909336302,0.011925321000000001,0.09124998,5.28125,0
605,0.08240376099999999,0.085136315,0.03511371,1.2945816886753212,-0.34806094465385307,-0.32580643568071593,0.014554906000000001,0.08240376099999999,0.7421875,0
606,0.124694755,0.080989165,0.131882446,1.7002356279662247,-0.4519193948462885,-0.3323130522794117,0.19771247,0.124694755,0.84375,0
607,0.131565985,0.08435389900000001,0.131888638,1.444614468390699,-0.40474539963629635,-0.3127492920843775,0.195515425,0.131565985,0.7890625,0
608,0.108888455,0.09202148800000001,0.070062556,2.191884286861718,-0.40611844502982947,-0.32939758063127605,0.011260053999999999,0.108888455,2.9375,0
609,0.090444809,0.079045052,0.059358438,1.5239303381747693,-0.4144719561179223,-0.3310950383765393,0.011910738999999998,0.090444809,5.5234375,0
610,0.13750733,0.091520855,0.16129845,2.172022504645841,-0.599204650290907,-0.3533730354806776,0.008682170999999999,0.13750733,3.109375,0
611,0.11314773,0.09033490599999999,0.08433510599999999,2.0564681102256532,-0.4021665638048555,-0.32359808179491795,0.018430851,0.11314773,4.890625,0
612,0.149730926,0.082852047,0.180932203,1.791364730947806,-0.5783653046675851,-0.3542883532217288,0.0,0.149730926,5.828125,0
613,0.189613974,0.035932606,0.194115545,-0.7843061177805074,-0.32150396084738453,-0.31582870096171994,0.195616438,0.189613974,6.8359375,0
614,0.20009696800000001,0.045533164,0.203796455,-0.3919041614720027,-0.5921810567250807,-0.35586466545558165,0.176901086,0.20009696800000001,6.8515625,0
615,0.17857250300000002,0.046678675,0.16438829800000002,-0.3973440674616276,-0.2622793200691567,-0.2899005821972901,0.153031915,0.17857250300000002,6.0,0
616,0.201805872,0.036057092,0.20162234,-0.5145643859992666,-0.5186106921363041,-0.34917557004401506,0.176117021,0.201805872,5.9140625,0
617,0.203626695,0.041528599,0.204104135,-0.22590560576339364,-0.5397879526394315,-0.3500326090532397,0.208820827,0.203626695,6.7265625,0
618,0.18366726,0.040607012000000005,0.182533632,-0.4839539459434775,-0.4374907292411053,-0.335169509710225,0.17704035899999998,0.18366726,3.4140625,0
619,0.168794368,0.08584243300000001,0.18897998100000002,1.4785350130922807,-0.5399131738751434,-0.34844517121784246,0.18444232600000002,0.168794368,5.875,0
620,0.15177096199999998,0.089146839,0.18597014899999997,2.0529495525614734,-0.580498272870931,-0.3527153579119309,0.23054726399999997,0.15177096199999998,4.0,0
621,0.170655914,0.08123705099999999,0.184277108,1.088435337679069,-0.5544473896985852,-0.3464927506909244,0.161506024,0.170655914,0.7265625,0
622,0.14602336300000002,0.09252462800000001,0.183433735,2.2743849208338878,-0.553283697352614,-0.3482190155963464,0.21548192800000002,0.14602336300000002,2.984375,0
623,0.131883734,0.084734065,0.153707371,1.629398393714093,-0.488020910433315,-0.33987595741774396,0.200836084,0.131883734,4.203125,0
624,0.11622092199999999,0.08922114199999999,0.076758045,1.8462865184795716,-0.6728998346554652,-0.3626533516906062,0.013682956000000001,0.11622092199999999,3.640625,0
625,0.142056256,0.09579842599999999,0.183731237,2.449551400639668,-0.4682294434069371,-0.34001878114100226,0.008005718,0.142056256,2.9296875,0
626,0.143658745,0.090628261,0.184976168,2.1451897823298522,-0.5176222925967171,-0.3467321213379366,0.212202097,0.143658745,3.5859375,0
627,0.165508946,0.09288353699999999,0.183043922,2.2358826493078907,-0.497901573019592,-0.34463005229592875,0.267701736,0.165508946,0.546875,0
